Media Sources,Negative,Neutral,Positive,Compound,Tweets Ago,Date,Text
BBC,0.287,0.463,0.25,-0.1027,1,Sun Jun 03 20:32:04 +0000 2018,San Diego marathon: 'Active shooter arrested' https://t.co/oZMq4ZQDCS
BBC,0.167,0.833,0.0,-0.34,2,Sun Jun 03 19:45:40 +0000 2018,Dancing FBI agent drops gun during backflip and shoots man in leg https://t.co/Wpiw9CMX2B
BBC,0.0,0.748,0.252,0.4019,3,Sun Jun 03 18:11:52 +0000 2018,Slovenia election: Anti-immigrant SDS party leads - exit poll https://t.co/QCFVDlM4Hw
BBC,0.0,1.0,0.0,0.0,4,Sun Jun 03 16:45:10 +0000 2018,Soyuz space capsule brings ISS crew back after five month mission https://t.co/KJydJK6Igo
BBC,0.0,0.858,0.142,0.1655,5,Sun Jun 03 16:25:39 +0000 2018,"Trump 'could pardon himself over Russia but won't', says Giuliani https://t.co/ZGtVUwqhSl"
BBC,0.386,0.614,0.0,-0.6597,6,Sun Jun 03 15:36:34 +0000 2018,Tunisia boat capsizes killing dozens of migrants https://t.co/sqaXVR8Hno
BBC,0.317,0.683,0.0,-0.8316,7,Sun Jun 03 15:33:34 +0000 2018,"RT @BBCBreaking: A minute's silence falls across the UK as the victims of the #LondonBridge terror attack are remembered, one year on 

htt‚Ä¶"
BBC,0.0,1.0,0.0,0.0,8,Sun Jun 03 15:15:46 +0000 2018,'Shooting incident' at Berlin Cathedral https://t.co/qnqbZA2NFw
BBC,0.0,1.0,0.0,0.0,9,Sun Jun 03 14:14:09 +0000 2018,Italy migrants: Matteo Salvini calls for end to Sicily 'refugee camp' https://t.co/6IvAL3iYkI
BBC,0.494,0.506,0.0,-0.8316,10,Sun Jun 03 13:06:34 +0000 2018,Nigeria: Dozens killed by cattle thieves in Zamfara state https://t.co/MJ3VYheo4n
BBC,0.0,1.0,0.0,0.0,11,Sun Jun 03 13:04:19 +0000 2018,Syria's President Assad 'to visit North Korea' https://t.co/3nXJeObtwf
BBC,0.0,1.0,0.0,0.0,12,Sun Jun 03 12:26:35 +0000 2018,"""If you have 80 plastic bags in your stomach, you die"", said one marine biologist 

https://t.co/YM9rZn3Up6"
BBC,0.302,0.698,0.0,-0.5994,13,Sun Jun 03 11:34:56 +0000 2018,Tanzanian conjoined twins Maria and Consolata die aged 22 https://t.co/rjRH1yo9b8
BBC,0.261,0.739,0.0,-0.7184,14,Sun Jun 03 11:13:29 +0000 2018,"RT @BBCNews: #LondonBridge: Spanish hero's dad pays tribute to son, who lost his life taking on attackers 

https://t.co/fSp0LYnQr7 https:/‚Ä¶"
BBC,0.149,0.851,0.0,-0.1027,15,Sun Jun 03 09:30:13 +0000 2018,China warns US sanctions will void trade talks https://t.co/phUY7BngHb
BBC,0.16,0.84,0.0,-0.2263,16,Sun Jun 03 08:01:27 +0000 2018,RT @BBCBusiness: Jordanians in third night of tax rise protests https://t.co/WDGsu69AkZ
BBC,0.0,0.841,0.159,0.1779,17,Sun Jun 03 07:29:52 +0000 2018,Crafty crayfish removes own claw to escape China hotpot https://t.co/769fJGA0OA
BBC,0.328,0.672,0.0,-0.5994,18,Sun Jun 03 06:45:51 +0000 2018,Yosemite El Capitan: Two climbers fall to death https://t.co/RFQRT04NeJ
BBC,0.0,1.0,0.0,0.0,19,Sun Jun 03 05:44:02 +0000 2018,How I found my biological mother https://t.co/OaqSV3giXa
BBC,0.281,0.526,0.193,-0.25,20,Sun Jun 03 03:53:20 +0000 2018,Venezuela frees 40 jailed activists and politicians https://t.co/FUzDavdvlV
BBC,0.286,0.714,0.0,-0.6124,21,Sun Jun 03 01:50:16 +0000 2018,PC Sorcar: India's 'maharajah of magic' who terrified the UK https://t.co/u7PAOQquYW
BBC,0.236,0.764,0.0,-0.5267,22,Sun Jun 03 00:56:42 +0000 2018,Nicaragua police end church siege after day of terror in Masaya https://t.co/Ny6PmB4y2W
BBC,0.0,1.0,0.0,0.0,23,Sun Jun 03 00:28:20 +0000 2018,The secrets of a diary written on castle floorboards https://t.co/EJ0JZlSDtd
BBC,0.0,1.0,0.0,0.0,24,Sun Jun 03 00:28:20 +0000 2018,North Korea‚Äôs human rights: What Trump and Kim won't talk about https://t.co/GKRaISuNPa
BBC,0.0,1.0,0.0,0.0,25,Sun Jun 03 00:28:20 +0000 2018,Tomorrow's Cities: How Barcelona shushed noise-makers with sensors https://t.co/GxxzTaFPHU
BBC,0.192,0.808,0.0,-0.2263,26,Sat Jun 02 23:48:57 +0000 2018,Jordanians in third night of tax rise protests https://t.co/BMSkk2cuLD
BBC,0.328,0.672,0.0,-0.5994,27,Sat Jun 02 23:25:54 +0000 2018,The online war between Qatar and Saudi Arabia https://t.co/2veAFezuVh
BBC,0.0,1.0,0.0,0.0,28,Sat Jun 02 23:16:27 +0000 2018,Letter from Africa: Mali 'Spiderman' is the superhero of our modern age https://t.co/Bp6TZ4Xj55
BBC,0.506,0.494,0.0,-0.802,29,Sat Jun 02 22:50:29 +0000 2018,G7 ministers criticise US tariffs and warn of trade war https://t.co/EqrAb6xR5n
BBC,0.467,0.533,0.0,-0.7906,30,Sat Jun 02 21:30:43 +0000 2018,Thousands attend funeral for Palestinian nurse killed in Gaza https://t.co/b2A4EKGWFZ
BBC,0.0,1.0,0.0,0.0,31,Sat Jun 02 20:48:47 +0000 2018,Cuba to begin constitutional reforms to formalise ''opening-up' https://t.co/34HeDlM7ew
BBC,0.362,0.638,0.0,-0.6249,32,Sat Jun 02 20:39:41 +0000 2018,US teacher 'who fed sick puppy to snapping turtle' charged https://t.co/yxGK1PaNVs
BBC,0.265,0.735,0.0,-0.5574,33,Sat Jun 02 17:44:42 +0000 2018,Whale that died off Thailand had eaten 80 plastic bags https://t.co/hl8kQ3ZodI
BBC,0.485,0.515,0.0,-0.765,34,Sat Jun 02 16:34:28 +0000 2018,Gaza violence: Thousands attend funeral for Palestinian medic https://t.co/OjoOAmAAfQ
BBC,0.0,1.0,0.0,0.0,35,Sat Jun 02 16:25:51 +0000 2018,ü§§ https://t.co/RKSxSSVI9o
BBC,0.219,0.571,0.21,-0.0258,36,Sat Jun 02 15:24:11 +0000 2018,Australia alert after ship loses 83 containers https://t.co/xRMA5dxI1r
BBC,0.412,0.588,0.0,-0.6808,37,Sat Jun 02 15:24:11 +0000 2018,South China Sea dispute: Beijing attacks 'irresponsible' US comments https://t.co/tJlmkD2ms5
BBC,0.0,1.0,0.0,0.0,38,Sat Jun 02 15:07:22 +0000 2018,"How an unusually large letter has helped bring Donald Trump and Kim Jong-un closer 

https://t.co/tcHuCfrcbH https://t.co/hRJt09OdCd"
BBC,0.396,0.604,0.0,-0.802,39,Sat Jun 02 14:25:42 +0000 2018,Egypt's Sisi sworn in for second term with vow to fight terrorism https://t.co/58rrs2TMVw
BBC,0.0,1.0,0.0,0.0,40,Sat Jun 02 12:03:49 +0000 2018,"RT @BBCSport: Russian cosmonauts tested the official 2018 World Cup ball in the zero-gravity of the International Space Station.

üé•üëâ https:‚Ä¶"
BBC,0.0,1.0,0.0,0.0,41,Sat Jun 02 11:51:41 +0000 2018,Pedro S√°nchez is sworn in as Spain's new prime minister https://t.co/sxArXV72nn
BBC,0.0,1.0,0.0,0.0,42,Sat Jun 02 10:23:45 +0000 2018,Kashmir unrest as protester run over by police dies https://t.co/VJDXsPttv3
BBC,0.0,1.0,0.0,0.0,43,Sat Jun 02 10:21:41 +0000 2018,"RT @bbcstories: ‚ö°Ô∏è ‚Äú'I woke up and didn't recognise my wife'‚Äù

https://t.co/BwELl1oJgA"
BBC,0.0,0.693,0.307,0.4767,44,Sat Jun 02 10:02:26 +0000 2018,Google 'to end' Pentagon Artificial Intelligence project https://t.co/IXXUpKf29W
BBC,0.0,0.847,0.153,0.2023,45,Sat Jun 02 09:36:50 +0000 2018,Buffalo Wild Wings apologises over 'awful' tweets in targeted hacking https://t.co/37mZYHsxbz
BBC,0.092,0.908,0.0,-0.3919,46,Sat Jun 02 07:34:12 +0000 2018,"RT @BBCSport: Morocco's bid to host the 2026 World Cup has passed a Fifa inspection.

But it's deemed ""high risk"" in three areas.

üëâ https:‚Ä¶"
BBC,0.291,0.709,0.0,-0.5719,47,Sat Jun 02 06:54:02 +0000 2018,Brian De Palma: Hollywood director writing Weinstein 'horror film' https://t.co/bURK1t4elJ
BBC,0.239,0.761,0.0,-0.296,48,Sat Jun 02 05:00:37 +0000 2018,US-North Korea: Trump gets a strangely large letter https://t.co/mrfZ0T0ilj
BBC,0.412,0.588,0.0,-0.6808,49,Sat Jun 02 04:01:07 +0000 2018,South China Sea dispute: Mattis says China 'intimidating neighbours' https://t.co/VqhLBO98sC
BBC,0.449,0.551,0.0,-0.6908,50,Sat Jun 02 00:16:21 +0000 2018,US millionaire charged with labourer's nuclear bunker death https://t.co/hW0qaYH0sl
BBC,0.0,0.714,0.286,0.4215,51,Sat Jun 02 00:01:51 +0000 2018,Why Iranians are sharing their #MeToo moments https://t.co/hegY10CRfU
BBC,0.244,0.756,0.0,-0.4404,52,Sat Jun 02 00:01:51 +0000 2018,"Are you scared yet? Meet Norman, the psychopathic AI https://t.co/rXqsnAfLj0"
BBC,0.0,1.0,0.0,0.0,53,Sat Jun 02 00:01:51 +0000 2018,Russia 2018: Why a single nation may never host the World Cup again https://t.co/oyA3C3HSzr
BBC,0.0,1.0,0.0,0.0,54,Sat Jun 02 00:01:51 +0000 2018,Ramadan: Women's 'shame' of eating during menstruation https://t.co/rVn67vk68u
BBC,0.233,0.485,0.282,0.128,55,Sat Jun 02 00:01:51 +0000 2018,How Mozambique's ruby smugglers nurtured jihadists https://t.co/5qx8G06ivF
BBC,0.247,0.753,0.0,-0.3182,56,Sat Jun 02 00:01:51 +0000 2018,The women who fought against gender equality https://t.co/LPykX6hBe3
BBC,0.359,0.641,0.0,-0.4215,57,Fri Jun 01 23:36:00 +0000 2018,Street art where it's forbidden https://t.co/xeWrO0rVts
BBC,0.0,1.0,0.0,0.0,58,Fri Jun 01 23:36:00 +0000 2018,Belief in sorcery is rife in Papua New Guinea. https://t.co/BwnerF1TtN
BBC,0.127,0.873,0.0,-0.4939,59,Fri Jun 01 21:11:42 +0000 2018,"RT @BBCBreaking: Visa says cardholders should now be able to use their cards, with systems operating at ""close to normal"" levels, blaming e‚Ä¶"
BBC,0.281,0.719,0.0,-0.5994,60,Fri Jun 01 20:38:58 +0000 2018,Five people die in US romaine lettuce E. coli outbreak https://t.co/EFV8nlUpVz
BBC,0.223,0.777,0.0,-0.3182,61,Fri Jun 01 20:17:07 +0000 2018,LA police led on bizarre slow car chase https://t.co/d10E98vWUe
BBC,0.0,1.0,0.0,0.0,62,Fri Jun 01 20:14:16 +0000 2018,Bare-knuckle boxing makes US comeback after 130 years https://t.co/SXVUPKR6P4
BBC,0.0,1.0,0.0,0.0,63,Fri Jun 01 19:45:17 +0000 2018,Trump: ‚ÄòIt‚Äôs a get-to-know-you situation‚Äô https://t.co/hBGPgbYuwg
BBC,0.344,0.656,0.0,-0.4939,64,Fri Jun 01 19:43:02 +0000 2018,Brazil Petrobras oil boss Pedro Parente resigns amid protests https://t.co/HikgL2CyG9
BBC,0.056,0.882,0.062,0.0387,65,Fri Jun 01 18:58:19 +0000 2018,"RT @awzurcher: Trump says the US had ""hundreds"" of new sanctions it was ready to impose on North Korea, but has decided for now not to impl‚Ä¶"
BBC,0.0,1.0,0.0,0.0,66,Fri Jun 01 18:58:16 +0000 2018,"RT @awzurcher: After saying that the letter to him from Kim Jong-un was ""very nice"", Trump now says that he hasn't read or even opened the‚Ä¶"
BBC,0.167,0.833,0.0,-0.5267,67,Fri Jun 01 18:58:13 +0000 2018,RT @awzurcher: One thing Trump says he *didn't* talk about with Kim Yong-Chol: North Korean human rights violations.
BBC,0.0,1.0,0.0,0.0,68,Fri Jun 01 18:58:09 +0000 2018,"RT @awzurcher: Trump downplays objectives for Singapore summit: ""We‚Äôre not going to go in and sign something on June 12."""
BBC,0.0,1.0,0.0,0.0,69,Fri Jun 01 18:47:06 +0000 2018,"RT @BBCBreaking: Donald Trump's summit with Kim Jong-un on 12 June is back on, the US president says, a week after it was scrapped https://‚Ä¶"
BBC,0.0,0.816,0.184,0.2023,70,Fri Jun 01 17:38:28 +0000 2018,Top North Korean official arrives at White House https://t.co/66DjTm20Hf
BBC,0.0,1.0,0.0,0.0,71,Fri Jun 01 17:15:11 +0000 2018,World Cup 2018: Nigeria kit sells out after three million pre-orders https://t.co/m1U4Q275NT
BBC,0.132,0.743,0.125,-0.0516,72,Fri Jun 01 17:04:15 +0000 2018,"RT @BBCNews: ""Nobody wins in a trade war, there are only casualties""

Trade Sec Liam Fox reacts to US steel tariffs, saying it's ""very, ver‚Ä¶"
BBC,0.0,1.0,0.0,0.0,73,Fri Jun 01 17:03:58 +0000 2018,RT @BBCSteveR: The USSR still exists (as an ice cream) https://t.co/DaUeeIExh4
BBC,0.0,1.0,0.0,0.0,74,Fri Jun 01 17:02:30 +0000 2018,"Michael Rotondo, evicted New York son, moves out after Lego row https://t.co/DIjiyz5wXI"
BBC,0.139,0.861,0.0,-0.5256,75,Fri Jun 01 17:02:28 +0000 2018,"RT @BBCNews: Prime Minister Theresa May says she's ""deeply disappointed"" by US tariffs, calling for UK and EU to be ""permanently exempted""‚Ä¶"
BBC,0.0,1.0,0.0,0.0,76,Fri Jun 01 16:04:55 +0000 2018,US school official convicted for shooting teen over drugs https://t.co/yKc0dQBEQb
BBC,0.163,0.837,0.0,-0.5106,77,Fri Jun 01 15:51:08 +0000 2018,RT @BBCBreaking: Visa says some card payments are currently failing across the UK and elsewhere in Europe https://t.co/3IJ9nksdEc
BBC,0.231,0.769,0.0,-0.2732,78,Fri Jun 01 15:29:17 +0000 2018,US jobless rate falls to 18-year low https://t.co/gzuLatm6dP
BBC,0.0,1.0,0.0,0.0,79,Fri Jun 01 15:24:11 +0000 2018,Vogue Arabia defends Saudi princess cover https://t.co/cYCDe6Ypbt
BBC,0.16,0.84,0.0,-0.6369,80,Fri Jun 01 15:21:21 +0000 2018,"""Sometimes I even cook with it. Put it in food and eat it"" üíäüíä
How the abuse of painkiller Tramadol is sweeping thro‚Ä¶ https://t.co/Hh7ANZkmr9"
BBC,0.0,1.0,0.0,0.0,81,Fri Jun 01 14:54:48 +0000 2018,Kenyan officials to take polygraph tests to tackle corruption https://t.co/N1wtJx6Wy4
BBC,0.0,0.941,0.059,0.128,82,Fri Jun 01 14:53:27 +0000 2018,"RT @BBCNewsbeat: Kanye West has just dropped his seven track album, #Ye and he launched it last night in the most Kanye West way imaginable‚Ä¶"
BBC,0.0,1.0,0.0,0.0,83,Fri Jun 01 14:52:29 +0000 2018,Italy populists in power: What now? https://t.co/hqMo2BHSER
BBC,0.0,1.0,0.0,0.0,84,Fri Jun 01 14:28:59 +0000 2018,Giuseppe Conte sworn in as Italian PM as coalition government formed of Italy's two main populist parties‚Ä¶ https://t.co/74spmNB0eY
BBC,0.0,0.753,0.247,0.3182,85,Fri Jun 01 14:14:20 +0000 2018,"Trump tariffs: US wants 'free, fair trade' https://t.co/IuVXDD3Nm7"
BBC,0.0,0.783,0.217,0.3612,86,Fri Jun 01 14:14:18 +0000 2018,Uganda to build 'Idi Amin museum' to attract tourists https://t.co/Pk4pXFm99d
BBC,0.463,0.537,0.0,-0.7845,87,Fri Jun 01 14:14:18 +0000 2018,Trump: Samantha Bee should be fired for Ivanka insult https://t.co/GUtKJpUPwM
BBC,0.0,1.0,0.0,0.0,88,Fri Jun 01 13:17:25 +0000 2018,"RT @bbcworldservice: After fleeing persecution in Eritrea, Pastor Daniel Habtey found himself delivering a baby on a sinking ship in the mi‚Ä¶"
BBC,0.0,1.0,0.0,0.0,89,Fri Jun 01 13:11:21 +0000 2018,"""That individual is now a household name. He is a celebrity."" 
Florida students reignite debate on whether media is‚Ä¶ https://t.co/KtKu7hUYXI"
BBC,0.224,0.776,0.0,-0.3818,90,Fri Jun 01 13:07:14 +0000 2018,RT @BBCAfrica: Tramadol emboldens vigilantes to fight Boko Haram https://t.co/f3xiT3dvuU
BBC,0.271,0.729,0.0,-0.3818,91,Fri Jun 01 13:03:43 +0000 2018,Tramadol emboldens vigilantes to fight Boko Haram https://t.co/FPA4Mm8RYe
BBC,0.0,0.886,0.114,0.4019,92,Fri Jun 01 12:21:16 +0000 2018,"RT @BBCBreaking: Five big cats which escaped from a zoo in western Germany have been recaptured, reportedly with the help of a drone https:‚Ä¶"
BBC,0.527,0.473,0.0,-0.836,93,Fri Jun 01 11:33:31 +0000 2018,Nicaragua protests: 15 dead and scores injured in latest clashes https://t.co/zaTdCjXvQm
BBC,0.0,0.779,0.221,0.1779,94,Fri Jun 01 11:09:10 +0000 2018,"Lions, tigers, jaguar escape German zoo https://t.co/tx28w07bE3"
BBC,0.092,0.833,0.075,-0.1027,95,Fri Jun 01 11:04:59 +0000 2018,"RT @BBCBreaking: Two lions, two tigers and a jaguar escape from a German zoo, with public warned to stay indoors, police say https://t.co/q‚Ä¶"
BBC,0.218,0.782,0.0,-0.5994,96,Fri Jun 01 10:43:08 +0000 2018,"""Always try and express yourself"" 
Meet the Iranian librarian who escaped war through cosplay‚Ä¶ https://t.co/w3Jzp3Qgem"
BBC,0.191,0.809,0.0,-0.3818,97,Fri Jun 01 10:38:25 +0000 2018,"Facebook losing out to YouTube, Instagram and Snapchat among US teens https://t.co/ITWDSsq2R2"
BBC,0.0,1.0,0.0,0.0,98,Fri Jun 01 10:38:25 +0000 2018,Queer Eye host 'proud' of first transgender makeover https://t.co/5EENnNyQD4
BBC,0.176,0.824,0.0,-0.4588,99,Fri Jun 01 10:24:19 +0000 2018,"Mariano Rajoy leaves parliament in Madrid after being forced out as Spanish PM

https://t.co/i81EerXWiS https://t.co/U8Mm34BNFS"
BBC,0.381,0.476,0.143,-0.6705,100,Fri Jun 01 09:50:00 +0000 2018,Family of man shot dead by sheriff's deputy awarded $4 damages https://t.co/WHcfPdSoHX
CBS,0.0,1.0,0.0,0.0,1,Sun Jun 03 22:30:01 +0000 2018,"Tonight on @60Minutes, meet Milwaukee Bucks star Giannis Antetokounmpo. Steve Kroft reports on the 23-year-old whos‚Ä¶ https://t.co/n1yKVJV93K"
CBS,0.286,0.714,0.0,-0.7003,2,Sun Jun 03 22:14:48 +0000 2018,"2 climbers died after falling from Yosemite National Park's El Capitan, which looms 3,000 feet above the floor of Y‚Ä¶ https://t.co/09wBAIkXe0"
CBS,0.0,0.913,0.087,0.2263,3,Sun Jun 03 21:44:50 +0000 2018,"Tonight, celebrity chef Jos√© Andr√©s has prepared more hot meals in Puerto Rico after Hurricane Maria than any of th‚Ä¶ https://t.co/Ocu6CR9EH0"
CBS,0.0,1.0,0.0,0.0,4,Sun Jun 03 21:30:01 +0000 2018,Watch NBA Finals 2018: Cleveland Cavaliers vs. Golden State Warriors for the fourth consecutive year‚Ä¶ https://t.co/8rmeHJVFAv
CBS,0.0,0.774,0.226,0.4191,5,Sun Jun 03 21:14:36 +0000 2018,"Jimmy Fallon surprises Parkland students at high school graduation: ""Don't let anything stop you""‚Ä¶ https://t.co/MbLpAlhT9N"
CBS,0.316,0.684,0.0,-0.7184,6,Sun Jun 03 21:12:40 +0000 2018,"Woman held gun to head, fired shots near San Diego marathon, police say https://t.co/zp2Xosaaeg https://t.co/SPJ1cyimW4"
CBS,0.202,0.734,0.064,-0.6124,7,Sun Jun 03 21:03:27 +0000 2018,"Woman admitted to shooting and killing husband, says it was because he beat family cat, police say‚Ä¶ https://t.co/ZZPmyGZFSB"
CBS,0.237,0.763,0.0,-0.4767,8,Sun Jun 03 20:40:44 +0000 2018,Hang glider pilot dies in Idaho air show accident https://t.co/AlXgBl0PUQ https://t.co/bvrfnvMZ0V
CBS,0.187,0.813,0.0,-0.3182,9,Sun Jun 03 20:20:31 +0000 2018,Remembering 1968: The loss of RFK fifty years ago https://t.co/3cZJURGRZN https://t.co/2g5mlSi8mD
CBS,0.0,1.0,0.0,0.0,10,Sun Jun 03 20:00:34 +0000 2018,Woman who went into labor during final exam graduates from Harvard Law School with her daughter in her arms‚Ä¶ https://t.co/8dSfQgQbZO
CBS,0.0,0.865,0.135,0.4215,11,Sun Jun 03 19:41:43 +0000 2018,"""You may say I'm a dreamer...""
This 10-year-old performed John Lennon's ""Imagine"" for his school talent show and a‚Ä¶ https://t.co/Qrhpn2XI8w"
CBS,0.0,0.695,0.305,0.6908,12,Sun Jun 03 19:21:01 +0000 2018,Stephen Stills and Judy Collins playing beautiful music together after breakup years ago https://t.co/huVOY3TTHp https://t.co/0vrjsmVBgr
CBS,0.0,1.0,0.0,0.0,13,Sun Jun 03 19:01:24 +0000 2018,"One third of the Senate is up for election this year.
Here are seven Senate midterm elections you should watch out‚Ä¶ https://t.co/gL1txKxySU"
CBS,0.0,1.0,0.0,0.0,14,Sun Jun 03 18:39:53 +0000 2018,Former President Bill Clinton and the world's bestselling author James Patterson co-author a political thriller‚Ä¶ https://t.co/cSEtXfx79P
CBS,0.106,0.894,0.0,-0.0772,15,Sun Jun 03 18:20:58 +0000 2018,FBI agent under investigation for accidental shooting at Denver nightclub https://t.co/dSpxmCiEC5 https://t.co/RN40AF71Sj
CBS,0.13,0.87,0.0,-0.2732,16,Sun Jun 03 17:59:50 +0000 2018,Woman faces manslaughter charges after deadly hit-and-run at little league baseball field in Maine‚Ä¶ https://t.co/ELwPLNNfiI
CBS,0.127,0.779,0.094,-0.2023,17,Sun Jun 03 17:44:30 +0000 2018,"Rep. Will Hurd says he thinks it would be a ""terrible move"" for President Trump to pardon himself. 

""I think peopl‚Ä¶ https://t.co/Z6UkRGwWgZ"
CBS,0.076,0.924,0.0,-0.1027,18,Sun Jun 03 17:27:15 +0000 2018,Who will pay for Kim Jong Un's hotel stay in Singapore during summit with President Trump? https://t.co/vwma70d4qg https://t.co/HgbBOdCAr3
CBS,0.0,0.823,0.177,0.4215,19,Sun Jun 03 17:01:20 +0000 2018,"Fourth-grader's rendition of John Lennon's ""Imagine"" at school talent show goes viral https://t.co/B3D7QUCvtO https://t.co/kvzqTR9a1n"
CBS,0.0,1.0,0.0,0.0,20,Sun Jun 03 16:59:39 +0000 2018,North Korea experts' advice to President Trump: Keep summit as simple as possible https://t.co/Acudj31YOf https://t.co/UdtLZYezi1
CBS,0.148,0.852,0.0,-0.3818,21,Sun Jun 03 16:45:01 +0000 2018,Rudy Giuliani adamant that President Trump would fight Mueller subpoena to testify in Russia probe‚Ä¶ https://t.co/KD7y72xKYa
CBS,0.226,0.774,0.0,-0.6433,22,Sun Jun 03 16:29:44 +0000 2018,More than six in 10 women voters in battleground districts say the president does not respect or understand people‚Ä¶ https://t.co/sVwz3d4Le1
CBS,0.0,1.0,0.0,0.0,23,Sun Jun 03 16:14:47 +0000 2018,"Rep. Will Hurd says GOP members have the votes to bring immigration bill to the House floor.

""Now is time to solve‚Ä¶ https://t.co/q4wgmiJwnd"
CBS,0.0,1.0,0.0,0.0,24,Sun Jun 03 16:00:02 +0000 2018,Single mom who went into labor during final exam graduates from Harvard Law School https://t.co/GgBj9FyMM3 https://t.co/tSt7ZXjSJ6
CBS,0.0,1.0,0.0,0.0,25,Sun Jun 03 15:44:31 +0000 2018,"Ohio Gov. John Kasich says he is ""very, very concerned"" about North Korea summit, and the U.S. must be ""extremely c‚Ä¶ https://t.co/en3DRP869u"
CBS,0.0,1.0,0.0,0.0,26,Sun Jun 03 15:29:51 +0000 2018,"Kasich scolds GOP leaders for thinking ""they have to ask permission from the president to do anything."" (via‚Ä¶ https://t.co/RhcK8pjljf"
CBS,0.095,0.905,0.0,-0.3182,27,Sun Jun 03 15:14:24 +0000 2018,"""I have been frankly shocked at the fact that our leaders think they have to ask permission from the president to d‚Ä¶ https://t.co/n9OZmxtIga"
CBS,0.234,0.649,0.117,-0.4019,28,Sun Jun 03 14:59:55 +0000 2018,"CBS News Battleground Tracker: A closer look at the parties 

In battleground districts where control of House will‚Ä¶ https://t.co/Fv6yBCiwRU"
CBS,0.132,0.784,0.083,-0.25,29,Sun Jun 03 14:44:41 +0000 2018,"2018 CBS News Battleground Tracker: Big gender gap 

There is a big gender gap in competitive districts: Democrats‚Ä¶ https://t.co/lFkYQFjNQg"
CBS,0.13,0.87,0.0,-0.4019,30,Sun Jun 03 14:36:25 +0000 2018,"CBS News Battleground Tracker: The House is a toss-up 

CBS News' estimate is Democrats 219 - Republicans 216 in ti‚Ä¶ https://t.co/kIM8GDgNir"
CBS,0.107,0.893,0.0,-0.2023,31,Sun Jun 03 14:14:39 +0000 2018,Idaho teacher charged after allegedly feeding puppy to snapping turtle in front of students https://t.co/C8IPr0GleL https://t.co/cUF6gykk40
CBS,0.0,1.0,0.0,0.0,32,Sun Jun 03 14:01:02 +0000 2018,"Small plane with 4 on board crashes off New York's Long Island, FAA says https://t.co/uBz5vcVBZd https://t.co/fw4rCfh2c2"
CBS,0.237,0.591,0.172,-0.296,33,Sun Jun 03 13:40:34 +0000 2018,"Many breast cancer patients can safely skip chemotherapy, major study finds https://t.co/Kcd2GeZe3j https://t.co/8gniV1gbQa"
CBS,0.202,0.798,0.0,-0.6486,34,Sun Jun 03 13:20:53 +0000 2018,Dog found dead inside cargo hold on Delta Airlines flight. He was an 8-year-old Pomeranian named Alejandro‚Ä¶ https://t.co/dBdq8En9Sq
CBS,0.267,0.733,0.0,-0.6249,35,Sun Jun 03 13:03:04 +0000 2018,"Fire erupts at scrap yard in Oakland, California, that's had trouble in the past https://t.co/FgeIs2Snuy https://t.co/6LQShqw9vq"
CBS,0.526,0.474,0.0,-0.875,36,Sun Jun 03 12:48:04 +0000 2018,"Report: 14-year-old stabbed, killed after fight that started over sleepover https://t.co/Fzh8NupmWE https://t.co/4LMNSkBtsY"
CBS,0.0,0.838,0.162,0.4019,37,Sun Jun 03 12:33:04 +0000 2018,"Far-right party leader calls Nazi era a ""speck of bird poop"" in German history https://t.co/J4eOVWWiPN https://t.co/fTlwpj5rER"
CBS,0.462,0.538,0.0,-0.8625,38,Sun Jun 03 12:18:05 +0000 2018,U.S. citizen killed in Nicaragua amid violence and social unrest https://t.co/qpztwh5AKe https://t.co/sJZkd1qxDt
CBS,0.309,0.691,0.0,-0.7717,39,Sun Jun 03 12:03:04 +0000 2018,"DNA from tissue in trash led to arrest in Golden State Killer case, records show https://t.co/bRiR2LYI7x https://t.co/ULMHh1Sv9k"
CBS,0.0,1.0,0.0,0.0,40,Sun Jun 03 11:48:05 +0000 2018,Ohio Governor John Kasich scolds GOP leaders for thinking ‚Äúthey have to ask permission from the president to do any‚Ä¶ https://t.co/gxEcambRce
CBS,0.0,1.0,0.0,0.0,41,Sun Jun 03 11:33:06 +0000 2018,"Small plane with 4 on board crashes off New York's Long Island, FAA says https://t.co/oktGWB9b8q https://t.co/08flsJYLnZ"
CBS,0.194,0.806,0.0,-0.34,42,Sun Jun 03 11:18:08 +0000 2018,FBI agent's firearm accidentally discharges at Denver nightclub: police https://t.co/h2Oos8F3kf https://t.co/sOgO2Eglbd
CBS,0.0,1.0,0.0,0.0,43,Sun Jun 03 11:03:04 +0000 2018,"Google result for Republican shows picture with ""BIGOT"" on it https://t.co/b9nCTgi1fL https://t.co/6CeQqRIOIR"
CBS,0.0,1.0,0.0,0.0,44,Sun Jun 03 10:48:04 +0000 2018,President Trump hints at longer path for North Korea to denuke https://t.co/rhd5rn8ffW https://t.co/NYDo9tvlp4
CBS,0.0,1.0,0.0,0.0,45,Sun Jun 03 10:33:04 +0000 2018,"Why are deaths among U.S. kids, teens on the rise? https://t.co/it8apo5Lc0 https://t.co/LiTb9Cpxh3"
CBS,0.393,0.607,0.0,-0.8555,46,Sun Jun 03 10:18:04 +0000 2018,"Shooting death of Steven Pitt, forensic psychiatrist, linked to killings of two women https://t.co/XIPKIsWKIU https://t.co/DkZmyowwLc"
CBS,0.0,0.746,0.254,0.5267,47,Sun Jun 03 10:03:05 +0000 2018,"Cosby accuser Andrea Constand: ""I did it for justice"" https://t.co/t4Iqez7XYH https://t.co/yWDsM2zyMF"
CBS,0.487,0.513,0.0,-0.8225,48,Sun Jun 03 09:48:04 +0000 2018,Hang glider killed in Idaho air show accident https://t.co/enpQJwB6dy https://t.co/EYUMtKdV5S
CBS,0.524,0.476,0.0,-0.872,49,Sun Jun 03 09:33:04 +0000 2018,"Four killed, seven injured in Oregon highway crash, police say https://t.co/ijsddWiVkP https://t.co/4jfZBVWt3h"
CBS,0.139,0.861,0.0,-0.2732,50,Sun Jun 03 09:18:05 +0000 2018,Woman faces manslaughter charges after deadly hit-and-run at baseball game in Maine https://t.co/oAv5Kn3F9x https://t.co/AiPuRoW1TE
CBS,0.0,0.786,0.214,0.4588,51,Sun Jun 03 09:03:05 +0000 2018,"Roger Stone's former ""social media strategist"" testifies before grand jury https://t.co/4vnNieddUh https://t.co/GFth4De3Ot"
CBS,0.262,0.738,0.0,-0.5994,52,Sun Jun 03 08:48:04 +0000 2018,Search continues for 2 teens believed to have drowned in Georgia https://t.co/ZcCQfnKrYS https://t.co/8Khgv5e1DF
CBS,0.526,0.474,0.0,-0.875,53,Sun Jun 03 08:33:04 +0000 2018,"Report: 14-year-old stabbed, killed after fight that started over sleepover https://t.co/soNqZ9Vf7w https://t.co/dkuCJRmNUp"
CBS,0.225,0.775,0.0,-0.4404,54,Sun Jun 03 08:18:04 +0000 2018,Mattis slams China over weapons in South China Sea https://t.co/FZ19wnvhF8 https://t.co/sR4ucRIz9p
CBS,0.0,1.0,0.0,0.0,55,Sun Jun 03 08:03:05 +0000 2018,"Three space station fliers head home, three prep for launch https://t.co/r6ic4cJGVQ https://t.co/kQOkGY6EN4"
CBS,0.462,0.538,0.0,-0.8625,56,Sun Jun 03 07:48:04 +0000 2018,U.S. citizen killed in Nicaragua amid violence and social unrest https://t.co/BDA5RUt4zZ https://t.co/VmvMzf4V54
CBS,0.104,0.896,0.0,-0.1027,57,Sun Jun 03 07:33:04 +0000 2018,Who will pay for King Jong Un's hotel stay in Singapore? https://t.co/MRoeTLsXA3 https://t.co/hP9wslODtg
CBS,0.0,1.0,0.0,0.0,58,Sun Jun 03 07:18:05 +0000 2018,Pushing the envelope? Kim Jong Un's massive letter to President Trump https://t.co/y18wKCVUuv https://t.co/QV2CTVuLD1
CBS,0.0,0.847,0.153,0.2023,59,Sun Jun 03 07:03:04 +0000 2018,Iowa judge agrees to halt fetal heartbeat abortion law https://t.co/dS87cm7Z7b https://t.co/FPdn1vJGcy
CBS,0.0,1.0,0.0,0.0,60,Sun Jun 03 06:48:06 +0000 2018,"Small plane with 4 on board crashes off New York's Long Island, FAA says https://t.co/mNREjKjUmx https://t.co/jcmKQq2sfi"
CBS,0.0,1.0,0.0,0.0,61,Sun Jun 03 06:33:04 +0000 2018,President Trump hints at longer path for North Korea to denuke https://t.co/rhd5rn8ffW https://t.co/0Mq4RDKtWU
CBS,0.0,1.0,0.0,0.0,62,Sun Jun 03 06:18:04 +0000 2018,"Why are deaths among U.S. kids, teens on the rise? https://t.co/KiUl4c0z7s https://t.co/LWtm7VMh0n"
CBS,0.0,1.0,0.0,0.0,63,Sun Jun 03 06:03:04 +0000 2018,The Dish: David C√°ceres' recipes from La Panader√≠a https://t.co/nKU7q8lK7v https://t.co/m7LmRu8io3
CBS,0.393,0.607,0.0,-0.8555,64,Sun Jun 03 05:48:04 +0000 2018,"Shooting death of Steven Pitt, forensic psychiatrist, linked to killings of two women https://t.co/SG6nPJyZby https://t.co/ZjGr7vEVpv"
CBS,0.27,0.73,0.0,-0.6341,65,Sun Jun 03 05:33:05 +0000 2018,"Report: In memo to Mueller, Trump's lawyers argue he could not have obstructed justice https://t.co/zQxQVTbL7x https://t.co/qdHMse4zt6"
CBS,0.524,0.476,0.0,-0.872,66,Sun Jun 03 05:18:05 +0000 2018,"Four killed, seven injured in Oregon highway crash, police say https://t.co/8zsJyRpsXV https://t.co/Hd3PLRhqzo"
CBS,0.194,0.806,0.0,-0.34,67,Sun Jun 03 05:03:06 +0000 2018,Brush fire forces thousands to evacuate parts of Southern California https://t.co/71zNMZYNu9
CBS,0.0,1.0,0.0,0.0,68,Sun Jun 03 04:48:04 +0000 2018,Police investigate deadly hit-and-run at baseball game in Maine https://t.co/V7lc3h2iCz https://t.co/iKEqTo9HGB
CBS,0.262,0.738,0.0,-0.5994,69,Sun Jun 03 04:33:04 +0000 2018,Search continues for 2 teens believed to have drowned in Georgia https://t.co/lCRqkWmD1f https://t.co/QNgZ0GvY6z
CBS,0.526,0.474,0.0,-0.875,70,Sun Jun 03 04:18:04 +0000 2018,"Report: 14-year-old stabbed, killed after fight that started over sleepover https://t.co/fBlpIdDAVu https://t.co/WJsQ804tvT"
CBS,0.327,0.545,0.129,-0.6124,71,Sun Jun 03 04:03:05 +0000 2018,"Chicago schools failed to protect students sexually abused by employees, report says https://t.co/B1uFRtT2MO https://t.co/qhCBNKI8TH"
CBS,0.121,0.879,0.0,-0.296,72,Sun Jun 03 03:48:04 +0000 2018,"Sheriff: Suspect in disappearance of Fla. mom has had 18 aliases, lived in 33 cities https://t.co/Sck0OybMEg https://t.co/1aWqD5lzBE"
CBS,0.0,0.686,0.314,0.4939,73,Sun Jun 03 03:33:04 +0000 2018,Benedict Cumberbatch praised for tackling mugger https://t.co/j6NLmaAJWO https://t.co/dh9dV8sh7Q
CBS,0.104,0.896,0.0,-0.1027,74,Sun Jun 03 03:18:04 +0000 2018,Who will pay for King Jong Un's hotel stay in Singapore? https://t.co/MRoeTLsXA3 https://t.co/db6iTcti3K
CBS,0.462,0.538,0.0,-0.8625,75,Sun Jun 03 03:03:05 +0000 2018,U.S. citizen killed in Nicaragua amid violence and social unrest https://t.co/6EsQdBLSa8 https://t.co/vAOVvyB8T5
CBS,0.0,1.0,0.0,0.0,76,Sun Jun 03 02:48:05 +0000 2018,Santa Fe High School students graduate two weeks after deadly mass shooting https://t.co/hubWCfgeHj https://t.co/LJBOMPJNfM
CBS,0.0,1.0,0.0,0.0,77,Sun Jun 03 02:33:05 +0000 2018,"Small plane with 4 on board crashes off New York's Long Island, FAA says https://t.co/mNREjKjUmx https://t.co/ihrVzsE2yO"
CBS,0.0,1.0,0.0,0.0,78,Sun Jun 03 02:18:04 +0000 2018,President Trump hints at longer path for North Korea to denuke https://t.co/rhd5rn8ffW https://t.co/mKcpss9fH1
CBS,0.0,0.909,0.091,0.1531,79,Sun Jun 03 02:03:03 +0000 2018,"Attorney: $4 verdict meant to ""punish"" family of man shot by police in his garage https://t.co/IW0kmZ60cC https://t.co/L6YR53LSm6"
CBS,0.322,0.678,0.0,-0.8225,80,Sun Jun 03 01:39:32 +0000 2018,"Officials report a hang glider was killed in an accident at the ""Gunfighter Skies Air &amp; Space Celebration""‚Ä¶ https://t.co/4HmbdoRybM"
CBS,0.398,0.602,0.0,-0.8225,81,Sun Jun 03 01:19:36 +0000 2018,A driver faces manslaughter charges after she struck and killed a 68-year-old man at a Maine baseball field.‚Ä¶ https://t.co/h4Eb9D84JX
CBS,0.396,0.604,0.0,-0.7096,82,Sun Jun 03 01:00:01 +0000 2018,Two climbers dead after falling from Yosemite's El Capitan https://t.co/blwizkRHWp https://t.co/oTdJMkWXM7
CBS,0.0,1.0,0.0,0.0,83,Sun Jun 03 00:39:43 +0000 2018,A confidential letter obtained by The New York Times shows President Trump's personal lawyers making the case to sp‚Ä¶ https://t.co/5UhnjzeHBR
CBS,0.117,0.795,0.088,-0.1779,84,Sun Jun 03 00:19:54 +0000 2018,"""For children in the U.S., the rate of deaths has increased recently, and it's from a multitude of these injury dea‚Ä¶ https://t.co/niM08stIrU"
CBS,0.087,0.913,0.0,-0.2263,85,Sat Jun 02 23:59:31 +0000 2018,"North Korean leader Kim Jong Un is known for pushing the envelope with threats and bluster, but lately he's gained‚Ä¶ https://t.co/SEvp9k165V"
CBS,0.0,0.887,0.113,0.3182,86,Sat Jun 02 23:39:44 +0000 2018,"With three space station fliers heading home Sunday after a 168-day mission, three fresh crew members made final pr‚Ä¶ https://t.co/XIrqgyTpL7"
CBS,0.0,0.86,0.14,0.4767,87,Sat Jun 02 23:19:43 +0000 2018,"Tariffs were fading into history, but Pres. Trump dusted them off in recent months and restored tariffs to a promin‚Ä¶ https://t.co/8jDYu9iQ4C"
CBS,0.0,0.791,0.209,0.5423,88,Sat Jun 02 23:00:01 +0000 2018,"Stage is set for California's ""jungle primary"" where the top two vote-getters, regardless of party, advance to the‚Ä¶ https://t.co/FNUVb2KcQy"
CBS,0.0,0.892,0.108,0.3182,89,Sat Jun 02 22:39:37 +0000 2018,U.S. Commerce Secretary Wilbur Ross arrived in Beijing for talks on China's promise to buy more American goods afte‚Ä¶ https://t.co/Ec3gXvbSq0
CBS,0.0,0.666,0.334,0.8419,90,Sat Jun 02 22:19:50 +0000 2018,A service dog named Linda was so beloved by students that she was honored with photo in a yearbook.‚Ä¶ https://t.co/A8Kihk3f9E
CBS,0.135,0.865,0.0,-0.4215,91,Sat Jun 02 22:00:01 +0000 2018,"China's militarization of manmade islands in the South China Sea is ""for the purposes of intimidation and coercion,‚Ä¶ https://t.co/0155TVStAG"
CBS,0.123,0.877,0.0,-0.3384,92,Sat Jun 02 21:39:54 +0000 2018,"Hundreds of homes have been evacuated with hundreds more warned as Colorado wildfire sweeps through 1,100 acres‚Ä¶ https://t.co/nLn9K1aKlG"
CBS,0.0,1.0,0.0,0.0,93,Sat Jun 02 21:25:03 +0000 2018,An additional 250 firefighters have been deployed to the Ute Park wildfire in New Mexico https://t.co/Tja1L7by0a https://t.co/6efqMbDmpu
CBS,0.163,0.837,0.0,-0.6249,94,Sat Jun 02 21:20:21 +0000 2018,"""We've made it through the worst of it"": Seniors at Santa Fe High School graduate two weeks after a mass shooting l‚Ä¶ https://t.co/iWS3y1ix0h"
CBS,0.0,1.0,0.0,0.0,95,Sat Jun 02 21:08:08 +0000 2018,"Inside Basis, the acclaimed school network behind the country's leading high schools https://t.co/Dw5AVkyTto https://t.co/F38BHMVDhs"
CBS,0.396,0.604,0.0,-0.7096,96,Sat Jun 02 20:44:42 +0000 2018,Two climbers dead after falling from Yosemite's El Capitan https://t.co/RYLTRz2BXJ https://t.co/TLkG4rR1wu
CBS,0.0,1.0,0.0,0.0,97,Sat Jun 02 20:24:50 +0000 2018,A confidential letter obtained by The New York Times shows President Trump's personal lawyers making the case to sp‚Ä¶ https://t.co/QJHRHEV0SC
CBS,0.0,0.86,0.14,0.4767,98,Sat Jun 02 20:02:01 +0000 2018,"Tariffs were fading into history, but Pres. Trump dusted them off in recent months and restored tariffs to a promin‚Ä¶ https://t.co/GXKjAX2LHE"
CBS,0.0,0.876,0.124,0.4019,99,Sat Jun 02 19:44:15 +0000 2018,"The co-leader of a far-right nationalist party in Germany dismissed the Nazi era as a ""speck of bird poop"" in Germa‚Ä¶ https://t.co/W2iV9wdwUX"
CBS,0.262,0.738,0.0,-0.5994,100,Sat Jun 02 19:27:41 +0000 2018,Search continues for 2 teens believed to have drowned in Georgia https://t.co/GcLaFpR1Td https://t.co/OnTgKRlePQ
CNN,0.0,0.746,0.254,0.5267,1,Sun Jun 03 22:30:09 +0000 2018,Ben Maher takes St Tropez Global Champions Tour title https://t.co/ELTEABvr3E https://t.co/0oCYM8Zxfq
CNN,0.111,0.657,0.232,0.34,2,Sun Jun 03 22:15:05 +0000 2018,"No sanctions relief without steps to denuclearize, US Defense Secretary James Mattis tells North Korea‚Ä¶ https://t.co/IVl6Za5v2Z"
CNN,0.0,1.0,0.0,0.0,3,Sun Jun 03 22:00:10 +0000 2018,Former President Bill Clinton says an impeachment process over the Russia probe would be underway if a Democrat wer‚Ä¶ https://t.co/znmtIDv8nr
CNN,0.137,0.685,0.178,0.1531,4,Sun Jun 03 21:52:05 +0000 2018,Silent forms of protest make bold statements at Parkland graduation https://t.co/nM71NgD7PO https://t.co/HIUt6o4qaA
CNN,0.152,0.848,0.0,-0.3612,5,Sun Jun 03 21:45:06 +0000 2018,Kansas Republican gubernatorial candidate Kris Kobach criticized for riding in a parade with a replica gun‚Ä¶ https://t.co/jcbwKUMOJa
CNN,0.0,1.0,0.0,0.0,6,Sun Jun 03 21:30:13 +0000 2018,Jimmy Fallon crashes Marjory Stoneman Douglas graduation https://t.co/hOq6DiF2Fu https://t.co/hDqlcJtxJt
CNN,0.0,1.0,0.0,0.0,7,Sun Jun 03 21:15:03 +0000 2018,"Thousands of acres ablaze in California, Colorado and New Mexico https://t.co/6nNgmuzJiS https://t.co/tQ0yCa6GoF"
CNN,0.0,1.0,0.0,0.0,8,Sun Jun 03 21:00:07 +0000 2018,"President Trump's lawyer, Rudy Giuliani, says Trump shouldn't testify because ""our recollections keep changing""‚Ä¶ https://t.co/mxFcjU5YD3"
CNN,0.14,0.86,0.0,-0.0772,9,Sun Jun 03 20:45:12 +0000 2018,A solemn graduation for Marjory Stoneman Douglas seniors https://t.co/NqcmGRbxFc https://t.co/pJlnA5slXv
CNN,0.0,1.0,0.0,0.0,10,Sun Jun 03 20:30:11 +0000 2018,Ford dropped cars but it's keeping the Mustang. Here's why: https://t.co/gWdeLfWmch https://t.co/gHvz0gs8jr
CNN,0.296,0.704,0.0,-0.6369,11,Sun Jun 03 20:15:09 +0000 2018,Vatican replaces archbishop convicted of concealing child sex abuse https://t.co/NaFmQHVdN1 https://t.co/q0y3QV8Awp
CNN,0.0,0.824,0.176,0.4588,12,Sun Jun 03 20:00:18 +0000 2018,"Even the race to replace ""Putin's favorite Congressman"" unlikely to hinge on Russia https://t.co/EZUt9qXrLY https://t.co/2o1HuDUTFk"
CNN,0.0,1.0,0.0,0.0,13,Sun Jun 03 19:45:08 +0000 2018,President Trump to host Ramadan dinner https://t.co/ZNoR75CrRA https://t.co/P1X4g2FQ7F
CNN,0.421,0.579,0.0,-0.8807,14,Sun Jun 03 19:30:03 +0000 2018,"Hamptons ""builder to the stars"" among those feared dead in plane crash off Long Island https://t.co/aTSXQjz7L7 https://t.co/ZYiANx7mrD"
CNN,0.0,1.0,0.0,0.0,15,Sun Jun 03 19:15:06 +0000 2018,Kuwait wants to foster more private sector firms as part of sweeping diversification plans https://t.co/tTy6dyJnR6 https://t.co/WvNLE1DXfe
CNN,0.141,0.859,0.0,-0.3182,16,Sun Jun 03 19:00:09 +0000 2018,"Trump lawyers say he ""dictated"" statement on Trump Tower meeting, contradicting past denials https://t.co/vlFcqx1uiM https://t.co/14C2HmISbW"
CNN,0.375,0.496,0.129,-0.6671,17,Sun Jun 03 18:45:03 +0000 2018,Trade wars are scary. Why isn't Wall Street freaking out? https://t.co/DFElDvMhKZ https://t.co/QWAZEMnoSj
CNN,0.223,0.777,0.0,-0.5106,18,Sun Jun 03 18:30:06 +0000 2018,Residents stranded with no power and water in area cut off by lava in Hawaii https://t.co/pxQjUKmjKk https://t.co/MJbm9rllIJ
CNN,0.0,1.0,0.0,0.0,19,Sun Jun 03 18:15:07 +0000 2018,What to expect at Monday's Apple event https://t.co/HXt7nltvOW https://t.co/TbQHmijp2P
CNN,0.136,0.864,0.0,-0.296,20,Sun Jun 03 18:00:10 +0000 2018,Looking for lower Medicare drug costs? Ask your pharmacist for the cash price https://t.co/81QmKI8Xnm https://t.co/P3vUBOYPvJ
CNN,0.0,0.847,0.153,0.4019,21,Sun Jun 03 17:45:09 +0000 2018,"Former US attorney Preet Bharara says President Trump pardoning himself would be ""almost self-executing impeachment‚Ä¶ https://t.co/YhJVsmthKn"
CNN,0.242,0.758,0.0,-0.4939,22,Sun Jun 03 17:30:15 +0000 2018,Canadian official Chrystia Freeland calls President Trump's tariffs insulting https://t.co/2JonOUzB4s https://t.co/mKSO8N04SK
CNN,0.0,1.0,0.0,0.0,23,Sun Jun 03 17:15:08 +0000 2018,How one month reshaped the US immigration landscape https://t.co/b3DFeEC3db https://t.co/YhNFc9UFpC
CNN,0.167,0.833,0.0,-0.25,24,Sun Jun 03 17:00:11 +0000 2018,"""The Americans"" made motherhood the ultimate disguise https://t.co/jrF6Wjj933 (via @CNNopinion) https://t.co/2K1MMwKEjk"
CNN,0.265,0.735,0.0,-0.5574,25,Sun Jun 03 16:45:09 +0000 2018,"""Solo: A Star Wars Story"" sinks 65% in second weekend https://t.co/xyeQpChuu2 https://t.co/kp2Md6qfxx"
CNN,0.0,1.0,0.0,0.0,26,Sun Jun 03 16:30:13 +0000 2018,The New York Times highlights EPA Administrator Scott Pruitt's cozy relationship with a coal baron‚Ä¶ https://t.co/VUv05naQ8O
CNN,0.0,1.0,0.0,0.0,27,Sun Jun 03 16:15:53 +0000 2018,"""That's not what the American people, I think, would be able to stand for."" Former US attorney Preet Bharara says i‚Ä¶ https://t.co/InFFVlGCaA"
CNN,0.0,1.0,0.0,0.0,28,Sun Jun 03 16:00:09 +0000 2018,Samantha Bee will address vulgar comment about Ivanka Trump on her show https://t.co/OyIbHMShHx https://t.co/KZvpq2sW3R
CNN,0.392,0.608,0.0,-0.7269,29,Sun Jun 03 15:45:08 +0000 2018,"FBI agent loses his gun during dance-floor backflip, accidentally shoots bar patron https://t.co/F61P7oVf0C https://t.co/kaCXlPkI9r"
CNN,0.13,0.87,0.0,-0.34,30,Sun Jun 03 15:30:19 +0000 2018,"Southwest Airlines comes under fire after an agent asks a mom to ""prove"" biracial child is hers‚Ä¶ https://t.co/BTjEHSyG5H"
CNN,0.116,0.884,0.0,-0.2732,31,Sun Jun 03 15:00:13 +0000 2018,The US Geological Survey has warned people not to roast marshmallows over volcanic vents in Hawaii https://t.co/j8bf0QdcBk
CNN,0.08,0.92,0.0,-0.1027,32,Sun Jun 03 14:45:05 +0000 2018,"Vermont has a new law that will pay workers $10,000 to move there and work remotely https://t.co/BOsRh6adek https://t.co/BafSsgoD5f"
CNN,0.353,0.647,0.0,-0.802,33,Sun Jun 03 14:30:06 +0000 2018,Parents of Parkland victims are outraged about a new video game that would let players shoot up a school‚Ä¶ https://t.co/7cLz5FT10V
CNN,0.328,0.672,0.0,-0.8316,34,Sun Jun 03 14:00:23 +0000 2018,"More than 120 pregnant whales were killed during Japan's annual hunt last summer, prompting outrage among conservat‚Ä¶ https://t.co/AMpERnhYGv"
CNN,0.0,0.862,0.138,0.4939,35,Sun Jun 03 13:45:08 +0000 2018,"When he was a kid, Richard Jenkins raised his hand in class so often bullies started calling him ""Harvard.""

Now, a‚Ä¶ https://t.co/0prHEtH5ZV"
CNN,0.268,0.732,0.0,-0.765,36,Sun Jun 03 13:31:09 +0000 2018,These crosses represent each victim killed in the Santa Fe High School shooting. Retired carpenter Greg Zanis has b‚Ä¶ https://t.co/mkX59AneVF
CNN,0.0,1.0,0.0,0.0,37,Sun Jun 03 13:15:04 +0000 2018,A Catholic school told its valedictorian his speech was too political. So he gave it outside on a bullhorn.‚Ä¶ https://t.co/FIG7Jh43zR
CNN,0.0,0.862,0.138,0.4939,38,Sun Jun 03 13:00:17 +0000 2018,"When he was a kid, Richard Jenkins raised his hand in class so often bullies started calling him ""Harvard.""

Now, a‚Ä¶ https://t.co/q25qpxE052"
CNN,0.159,0.841,0.0,-0.5574,39,Sun Jun 03 12:46:02 +0000 2018,"""Chris, we've got your baby girl"": Army Spc. Christopher M. Harris died serving in Afghanistan, just days after lea‚Ä¶ https://t.co/RrOAxDYdWC"
CNN,0.0,0.919,0.081,0.1695,40,Sun Jun 03 12:30:19 +0000 2018,"""Don't forget to show love"": In a superhero cape, he feeds the hungry and homeless in Birmingham, Alabama. And he's‚Ä¶ https://t.co/WZm3BWvrbN"
CNN,0.0,1.0,0.0,0.0,41,Sun Jun 03 12:15:03 +0000 2018,Roseanne Barr says she begged ABC executives to keep her show on the air before the network canceled its hit sitcom‚Ä¶ https://t.co/FcCBIrH65R
CNN,0.0,0.846,0.154,0.4767,42,Sun Jun 03 11:45:06 +0000 2018,"Alabama school administrators, who get approval from local authorities and go through training, will be permitted t‚Ä¶ https://t.co/lYSarBzcgW"
CNN,0.216,0.637,0.147,-0.34,43,Sun Jun 03 11:30:09 +0000 2018,"""Black lives don't matter,"" lawyer says after jury awards $4 in police killing https://t.co/DJTzgOXbfE https://t.co/nuBDS1RJKL"
CNN,0.0,0.914,0.086,0.1531,44,Sun Jun 03 11:15:12 +0000 2018,Only one more state needs to pass the Equal Rights Amendment to finally get it ratified https://t.co/y35AIYdJyp https://t.co/fc0zvM7b5G
CNN,0.0,0.913,0.087,0.2732,45,Sun Jun 03 11:00:20 +0000 2018,Televangelist Jesse Duplantis says God spoke to him and wants him to get a new private jet that can cost up to $54‚Ä¶ https://t.co/ZWQGuPcxiD
CNN,0.0,1.0,0.0,0.0,46,Sun Jun 03 10:45:15 +0000 2018,He was an NFL player. Now he's a Juilliard-trained opera singer. https://t.co/ItAsUVK7mh https://t.co/Eo1zyElF2q
CNN,0.0,1.0,0.0,0.0,47,Sun Jun 03 10:31:05 +0000 2018,This Chick-fil-A franchise owner is raising wages at his store to $17 an hour https://t.co/gjTVQnQzPL https://t.co/b8pVRyrNee
CNN,0.0,0.844,0.156,0.3612,48,Sun Jun 03 10:15:06 +0000 2018,A high school football player who takes cannabis oil to prevent his seizures has been ruled ineligible to play in c‚Ä¶ https://t.co/dxQvn0Zqqg
CNN,0.0,0.909,0.091,0.25,49,Sun Jun 03 10:00:13 +0000 2018,Ivanka Trump has been granted seven new trademarks in China as her father continues trade talks with Beijing -- and‚Ä¶ https://t.co/KU3eraKgNT
CNN,0.0,1.0,0.0,0.0,50,Sun Jun 03 09:46:25 +0000 2018,"Syrian President is to meet Kim Jong Un in North Korea, report says https://t.co/b6HeqI6RJG"
CNN,0.0,1.0,0.0,0.0,51,Sun Jun 03 09:31:21 +0000 2018,"Becky McCabe got down on one knee to propose to her girlfriend, Jessa Gillaspie. Jessa shrieked and immediately rea‚Ä¶ https://t.co/eO2lkzyzCd"
CNN,0.0,0.844,0.156,0.3612,52,Sun Jun 03 09:00:08 +0000 2018,A high school football player who takes cannabis oil to prevent his seizures has been ruled ineligible to play in c‚Ä¶ https://t.co/vI9KwkNwA1
CNN,0.113,0.887,0.0,-0.4215,53,Sun Jun 03 08:30:17 +0000 2018,This 8-year-old Georgia boy was with his mom when he saw an elderly woman struggling to climb the stairs with her w‚Ä¶ https://t.co/UoGLZU54Kj
CNN,0.0,1.0,0.0,0.0,54,Sun Jun 03 08:00:14 +0000 2018,A teacher in Georgia responded the only way she knew how after receiving a letter from President Trump filled with‚Ä¶ https://t.co/y07WzGq2JC
CNN,0.0,0.9,0.1,0.2244,55,Sun Jun 03 07:30:07 +0000 2018,"In 1997, a 6th-grade teacher wrote ""Invite me to your Harvard graduation!"" on a student's report card. Twenty-one y‚Ä¶ https://t.co/S9wB18o8ox"
CNN,0.171,0.714,0.114,-0.296,56,Sun Jun 03 07:00:10 +0000 2018,"A soldier died before meeting his baby, so his Army family welcomed her with open arms https://t.co/8sYSpYz1Yk https://t.co/bS0LWwOxeR"
CNN,0.127,0.873,0.0,-0.4939,57,Sun Jun 03 06:30:24 +0000 2018,A man went to a salon and learned to do his wife's hair after she suffered a stroke and was unable to style it hers‚Ä¶ https://t.co/tiYCyEPUOz
CNN,0.0,1.0,0.0,0.0,58,Sun Jun 03 06:00:21 +0000 2018,"Rapper Falz's ""This is Nigeria"" video holds up a mirror for the country https://t.co/xdmgSkxpOO https://t.co/U1d6dzvPMY"
CNN,0.0,0.865,0.135,0.4215,59,Sun Jun 03 05:30:03 +0000 2018,A young Malian migrant who rescued a child dangling from a balcony will be made a French citizen and has been offer‚Ä¶ https://t.co/atbtW5sNuU
CNN,0.082,0.776,0.142,0.3182,60,Sun Jun 03 05:06:58 +0000 2018,"North Korea will not get any sanctions relief until it has demonstrated ""verifiable and irreversible"" steps to denu‚Ä¶ https://t.co/VaNkJqq3yH"
CNN,0.517,0.483,0.0,-0.9524,61,Sun Jun 03 05:00:25 +0000 2018,Iraq War veteran Pat Ryan is running for Congress. He‚Äôs calling for an assault weapons ban: ‚ÄúThe weapons that I car‚Ä¶ https://t.co/MIcdUn6IJk
CNN,0.0,0.924,0.076,0.2023,62,Sun Jun 03 04:30:05 +0000 2018,"South Korean boy band @BTS_twt has become the first K-pop group to top the US Billboard 200 chart, with the debut o‚Ä¶ https://t.co/e4pbDzVIH1"
CNN,0.0,1.0,0.0,0.0,63,Sun Jun 03 04:00:12 +0000 2018,"Archaeologists working at the ancient Roman city of Pompeii, Italy, uncovered the remains of a 30-year-old man who‚Ä¶ https://t.co/Al0C75DN9F"
CNN,0.0,0.631,0.369,0.8602,64,Sun Jun 03 03:30:09 +0000 2018,NFL star JJ Watt has been awarded an honorary doctorate degree for raising over $37 million to help with recovery e‚Ä¶ https://t.co/BTUkyeC2Id
CNN,0.0,0.744,0.256,0.4767,65,Sun Jun 03 03:00:09 +0000 2018,Proceeds from economist's Nobel medal donated to non-profit https://t.co/kX9n19xQSv https://t.co/EFoIzSC9LV
CNN,0.0,0.865,0.135,0.3612,66,Sun Jun 03 02:30:11 +0000 2018,Republican Sen. John McCain says he supports effort to force immigration bill to House floor https://t.co/16TqOGGc9Y https://t.co/9tRcu1XvXe
CNN,0.0,1.0,0.0,0.0,67,Sun Jun 03 02:00:13 +0000 2018,"The largest wildfire in California's modern history is finally out, more than 6 months after it started‚Ä¶ https://t.co/ghBrwkNqi1"
CNN,0.153,0.847,0.0,-0.5574,68,Sun Jun 03 01:33:37 +0000 2018,"A dog being flown by Delta Air Lines from Phoenix to Newark, New Jersey, died during a layover in Detroit, the airl‚Ä¶ https://t.co/CIZZl7NzWT"
CNN,0.0,0.775,0.225,0.4404,69,Sun Jun 03 01:30:10 +0000 2018,Why startup visas are good for America https://t.co/jlC9GmqkEK (via @CNNOpinion) https://t.co/leqIYx9wu2
CNN,0.227,0.657,0.116,-0.4939,70,Sun Jun 03 01:00:07 +0000 2018,"Four killings, including one of prominent psychologist, in Arizona are likely connected, police say‚Ä¶ https://t.co/bN8Wy37Uzp"
CNN,0.0,1.0,0.0,0.0,71,Sun Jun 03 00:30:04 +0000 2018,Virginia GOP chooses replacement for 5th district nominee https://t.co/aidAnQaUJT https://t.co/40fjghIVmj
CNN,0.0,0.921,0.079,0.2023,72,Sun Jun 03 00:00:12 +0000 2018,"Valerie Jarrett, former top aide to President Obama, makes an appeal to get out the vote in 2018, saying ""it's time‚Ä¶ https://t.co/kOuEcwmX9X"
CNN,0.174,0.826,0.0,-0.6124,73,Sat Jun 02 23:46:19 +0000 2018,"""The Big Bang Theory"" star Jim Parsons tells @VanJones68 he thought about Roseanne Barr's racist tweet ""on an emoti‚Ä¶ https://t.co/DZ5mZaqIkP"
CNN,0.0,0.878,0.122,0.2023,74,Sat Jun 02 23:30:04 +0000 2018,Kenyan President orders top officials to take lie-detector tests in corruption crackdown https://t.co/jaKPXboTt1 https://t.co/q5lY5cX0jq
CNN,0.0,1.0,0.0,0.0,75,Sat Jun 02 23:20:12 +0000 2018,An attorney representing three women in cases against a doctor known for singing and dancing while performing surge‚Ä¶ https://t.co/Dog9UV2r2w
CNN,0.0,1.0,0.0,0.0,76,Sat Jun 02 23:15:43 +0000 2018,"""The crew, the people you don't see, the people you don't know ‚Äî there are so many people employed..."" Actor Jim Pa‚Ä¶ https://t.co/hlRURomCmj"
CNN,0.0,0.625,0.375,0.765,77,Sat Jun 02 23:00:06 +0000 2018,Five Star Movement supporters rally in Rome to celebrate new government https://t.co/TG0G0PfQ8Q https://t.co/khOs2BwJFL
CNN,0.0,1.0,0.0,0.0,78,Sat Jun 02 23:00:01 +0000 2018,"The 30-year-old man who was still living with his parents says that he finally moved out, 10 days after a judge ord‚Ä¶ https://t.co/SJnu3AdCmf"
CNN,0.169,0.72,0.11,-0.34,79,Sat Jun 02 22:45:40 +0000 2018,"""The Big Bang Theory"" star Jim Parsons talks about the fallout surrounding comedian Roseanne Barr's racist tweet, w‚Ä¶ https://t.co/V2jEahrqYU"
CNN,0.0,1.0,0.0,0.0,80,Sat Jun 02 22:30:13 +0000 2018,Six major allies blast US over tariffs https://t.co/spgQbkUKR7 https://t.co/XqBSYXUalE
CNN,0.0,0.839,0.161,0.3612,81,Sat Jun 02 22:30:00 +0000 2018,This is what it's like to surf near the Korean Demilitarized Zone https://t.co/8yu12Jk0Uv https://t.co/M3PaYFs75Q
CNN,0.0,1.0,0.0,0.0,82,Sat Jun 02 22:18:15 +0000 2018,"Two climbers fell to their deaths Saturday at Yosemite National Park in California, a park spokeswoman said‚Ä¶ https://t.co/jaQW500EV1"
CNN,0.113,0.887,0.0,-0.4215,83,Sat Jun 02 22:15:00 +0000 2018,This 8-year-old Georgia boy was with his mom when he saw an elderly woman struggling to climb the stairs with her w‚Ä¶ https://t.co/C2z0TDF8zu
CNN,0.0,0.839,0.161,0.3612,84,Sat Jun 02 22:00:16 +0000 2018,Fifth federal judge rules HHS unlawfully ended teen pregnancy prevention grant funding https://t.co/FbAHxbgMmb https://t.co/p7iUsaxqQ6
CNN,0.0,1.0,0.0,0.0,85,Sat Jun 02 21:45:06 +0000 2018,Serena Williams to face Maria Sharapova at French Open https://t.co/sVQ0mY8OZ0 https://t.co/hQAbDfu8Lb
CNN,0.0,1.0,0.0,0.0,86,Sat Jun 02 21:30:11 +0000 2018,What aluminum and steel tariffs will mean to you https://t.co/nyv92aLySO https://t.co/rSFOTHUraK
CNN,0.283,0.606,0.111,-0.5267,87,Sat Jun 02 21:15:09 +0000 2018,"Outgoing Missouri Gov. Eric Greitens, accused of revenge porn, signs law criminalizing it https://t.co/VtbQzEt6vW https://t.co/yMKjrU1vg5"
CNN,0.0,1.0,0.0,0.0,88,Sat Jun 02 21:00:13 +0000 2018,US customs seizes Ohio family's life savings at airport https://t.co/rI48TGrwvr https://t.co/6VarTheMrf
CNN,0.0,1.0,0.0,0.0,89,Sat Jun 02 20:45:05 +0000 2018,"White House plans to nominate conservative documentarian, Bannon ally, to lead government media agency‚Ä¶ https://t.co/dfPoET7g4V"
CNN,0.138,0.737,0.124,-0.0772,90,Sat Jun 02 20:30:10 +0000 2018,"Trump lawyers sent special counsel Robert Mueller a letter arguing the President can't obstruct the Russia probe, T‚Ä¶ https://t.co/AIJ08wJPcy"
CNN,0.366,0.634,0.0,-0.6369,91,Sat Jun 02 20:15:06 +0000 2018,"Online dating lowers self-esteem and increases depression, studies say https://t.co/FGcjd3wJKB https://t.co/7oWg532YQf"
CNN,0.406,0.594,0.0,-0.8481,92,Sat Jun 02 20:00:05 +0000 2018,"From calling rape ""bad sex"" to Roseanne's vitriol, this was a jaw-dropping week https://t.co/xE4VsALIqN https://t.co/GpSzg84sjo"
CNN,0.112,0.672,0.216,0.34,93,Sat Jun 02 19:45:08 +0000 2018,Koch brothers group thanks Democratic senator facing tough reelection https://t.co/cR1fR1BHTP https://t.co/0prMJHsnt6
CNN,0.0,0.798,0.202,0.5859,94,Sat Jun 02 19:30:09 +0000 2018,"MSNBC's Joy Reid takes to the air, does not address newest round of controversy https://t.co/C5g8bKxkpH https://t.co/fDQKPYiLkg"
CNN,0.295,0.705,0.0,-0.7717,95,Sat Jun 02 19:15:05 +0000 2018,DNA that led to Golden State Killer suspect's arrest was collected from his car while he shopped‚Ä¶ https://t.co/98j66PA6z4
CNN,0.0,1.0,0.0,0.0,96,Sat Jun 02 19:00:48 +0000 2018,"""How and why? That was really my only reaction to it."" ""The Big Bang Theory"" star Jim Parsons says he couldn't imag‚Ä¶ https://t.co/ghVYFRan5R"
CNN,0.0,1.0,0.0,0.0,97,Sat Jun 02 18:45:09 +0000 2018,The alternative World Cup for stateless people and unrecognized nations https://t.co/sfnTC8VDly https://t.co/PsQMco4qQL
CNN,0.08,0.92,0.0,-0.1027,98,Sat Jun 02 18:30:11 +0000 2018,"US determining who will pay for North Korea leader's hotel room, The Washington Post reports https://t.co/YktYA3K4Ee https://t.co/YYiHkMevJr"
CNN,0.0,1.0,0.0,0.0,99,Sat Jun 02 18:15:06 +0000 2018,"Puerto Rico deaths spiked after Hurricane Maria, new government data show https://t.co/B3HQtUWR8k https://t.co/yz3FoNOg7f"
CNN,0.0,1.0,0.0,0.0,100,Sat Jun 02 18:00:10 +0000 2018,"Thousands of acres ablaze in Colorado, New Mexico https://t.co/Vd6n0knluJ https://t.co/e6usADMgXz"
Fox,0.0,1.0,0.0,0.0,1,Sun Jun 03 22:39:42 +0000 2018,Bill Clinton says impeachment hearings would have begun already if a Democrat were president  https://t.co/TWY3zf1R6R
Fox,0.0,1.0,0.0,0.0,2,Sun Jun 03 22:34:28 +0000 2018,"#RoyalWedding expert 'Thomas J. Mace-Archer-Mills' is actually 'Tommy' from NY, reports say https://t.co/Lc2etr4Y3T"
Fox,0.0,0.792,0.208,0.2732,3,Sun Jun 03 22:22:00 +0000 2018,.@jimmyfallon gives surprise speech at Stoneman Douglas graduation https://t.co/B1x3Xe3gAQ
Fox,0.0,1.0,0.0,0.0,4,Sun Jun 03 22:15:00 +0000 2018,Michael Goodwin: James Comey isn't above the law https://t.co/kxnW3mn3t1
Fox,0.339,0.661,0.0,-0.6249,5,Sun Jun 03 22:07:00 +0000 2018,Sales for @MariahCarey's Vegas shows are 'a disaster'  https://t.co/eakfBAynqA
Fox,0.0,1.0,0.0,0.0,6,Sun Jun 03 21:58:00 +0000 2018,.@dangainor: Roseanne Barr is off TV but Samantha Bee is still on -- just another example of the media‚Äôs double sta‚Ä¶ https://t.co/k0zJOYKFBV
Fox,0.0,0.884,0.116,0.3612,7,Sun Jun 03 21:49:00 +0000 2018,".@JonHuntsman: ""@POTUS has stated before that he would like to get together with President Putin at some point and‚Ä¶ https://t.co/vFLvPFl61l"
Fox,0.204,0.796,0.0,-0.5207,8,Sun Jun 03 21:42:12 +0000 2018,"A young girl couldn't wait to greet her relative from the 4th Infantry Brigade Combat Team (Airborne), 25th Infantr‚Ä¶ https://t.co/YyaxfO0Swb"
Fox,0.143,0.683,0.174,0.128,9,Sun Jun 03 21:40:00 +0000 2018,Peggy Noonan: America‚Äôs lost faith in itself. We can bring it back https://t.co/GToL36Lo1U
Fox,0.0,1.0,0.0,0.0,10,Sun Jun 03 21:30:00 +0000 2018,".@JonHuntsman: ""Every foreign policy pundit and analyst who would've been asked a few years ago never would've pred‚Ä¶ https://t.co/aHYUQ9LjRl"
Fox,0.091,0.576,0.333,0.7096,11,Sun Jun 03 21:22:00 +0000 2018,".@SpeakerBoehner: ""There is no Republican Party. There's a Trump Party. The Republican Party is kind of taking a na‚Ä¶ https://t.co/t6BB7dX92H"
Fox,0.128,0.872,0.0,-0.2263,12,Sun Jun 03 21:16:21 +0000 2018,LaVar Ball to NFL Protesters: Stand for the National Anthem or 'Get Out' https://t.co/AYm4GvFKj1
Fox,0.0,1.0,0.0,0.0,13,Sun Jun 03 21:04:43 +0000 2018,".@newtgingrich: ""I would predict today we're closer to a red wave than a #bluewave in terms of the fall campaign."" https://t.co/9zNrDbRLrz"
Fox,0.0,0.873,0.127,0.3262,14,Sun Jun 03 21:00:00 +0000 2018,".@MariaBartiromo: ""We're talking about almost 5% economic growth - there is NOTHING that @NancyPelosi just said tha‚Ä¶ https://t.co/J8nyvBfZhG"
Fox,0.0,0.707,0.293,0.7557,15,Sun Jun 03 21:00:00 +0000 2018,‚ÄòDespair and Hope in America: Fox News Investigates‚Äô ‚Äì Watch this preview and don't miss part one of this special s‚Ä¶ https://t.co/UEGUdqxe7n
Fox,0.308,0.692,0.0,-0.5994,16,Sun Jun 03 20:57:21 +0000 2018,".@BillClinton Pushes Back on Gillibrand Saying He Should've Resigned Over Lewinsky Scandal 
 https://t.co/4kE4PRGO5Y"
Fox,0.0,1.0,0.0,0.0,17,Sun Jun 03 20:52:20 +0000 2018,Three stranded in Kilauea lava zone are airlifted; cops cite 7 others for loitering near lava https://t.co/1g23BSVdGA
Fox,0.107,0.893,0.0,-0.2023,18,Sun Jun 03 20:45:36 +0000 2018,"On ""Justice,"" Anthony @Scaramucci reflected on the controversial comments made by Samantha Bee against @IvankaTrump‚Ä¶ https://t.co/YTvgKpD0gr"
Fox,0.0,0.896,0.104,0.2732,19,Sun Jun 03 20:45:22 +0000 2018,"Jonathan Wachtel on North Korea: ""We could have a move toward having nuclear energy as an option for them.""‚Ä¶ https://t.co/fHiCDcmtP4"
Fox,0.0,1.0,0.0,0.0,20,Sun Jun 03 20:38:33 +0000 2018,"Jonathan Wachtel: ""The nuclear arsenal that Kim Jong Un has now is his life insurance."" https://t.co/PZcpa5sWSO https://t.co/w9jziej6ct"
Fox,0.332,0.537,0.132,-0.6249,21,Sun Jun 03 20:36:40 +0000 2018,Prostitutes and British tourists in violent clashes at notorious party resort in Spain https://t.co/wvZY80yD3o
Fox,0.476,0.524,0.0,-0.872,22,Sun Jun 03 20:25:30 +0000 2018,Suspect arrested after gunfire heard near San Diego marathon; police say no ongoing threat https://t.co/osWYIuwc6H https://t.co/cAYUcCVzhM
Fox,0.0,1.0,0.0,0.0,23,Sun Jun 03 20:16:38 +0000 2018,"Despite drop-ins by Alec Baldwin, Robert De Niro, Mississippi election season sees unexpected star: civility https://t.co/Dwg6cI0ReS"
Fox,0.154,0.697,0.149,-0.0258,24,Sun Jun 03 20:05:17 +0000 2018,".@DineshDSouza: ""My favorite term is the 'double jeopardy loophole' - so this basic Constitutional protection, Ed,‚Ä¶ https://t.co/mvQ27GnIkG"
Fox,0.306,0.694,0.0,-0.6486,25,Sun Jun 03 19:53:57 +0000 2018,BREAKING: Suspect arrested after shots heard near finish line of San Diego marathon https://t.co/iNx7E3VwAY
Fox,0.0,0.708,0.292,0.5106,26,Sun Jun 03 19:44:00 +0000 2018,Maine police rescue a dozen ducklings from sewer grate https://t.co/mHTl5sJj1x
Fox,0.0,1.0,0.0,0.0,27,Sun Jun 03 19:38:00 +0000 2018,"Remains of 8 veterans, long unclaimed, buried in San Antonio  https://t.co/1K6hmW1iaP"
Fox,0.306,0.694,0.0,-0.6597,28,Sun Jun 03 19:31:06 +0000 2018,"Many breast cancer patients can skip chemo, big study finds https://t.co/Ybfe9SItCf"
Fox,0.385,0.615,0.0,-0.8176,29,Sun Jun 03 19:27:00 +0000 2018,"Dallas woman says she killed husband for beating their pet cat, cops say https://t.co/ifDwufNs4s"
Fox,0.457,0.43,0.113,-0.8316,30,Sun Jun 03 19:21:00 +0000 2018,"Peter Navarro: ""No president has fought the war on poverty better than Donald J. Trump."" https://t.co/ANE9uICCZl"
Fox,0.242,0.758,0.0,-0.4939,31,Sun Jun 03 19:15:01 +0000 2018,San Diego marathon scare: Gunfire reported from rooftop overlooking race https://t.co/iNx7E3VwAY
Fox,0.143,0.857,0.0,-0.3612,32,Sun Jun 03 19:15:00 +0000 2018,"On ""Justice,"" @RealCandaceO told @JudgeJeanine how difficult it is to be a conservative on campus today.‚Ä¶ https://t.co/OmHTQgUTpk"
Fox,0.653,0.347,0.0,-0.9062,33,Sun Jun 03 19:10:25 +0000 2018,Police hunt murder suspect in Connecticut mom's killing https://t.co/ERPKCcBc3d
Fox,0.0,0.881,0.119,0.4019,34,Sun Jun 03 19:04:06 +0000 2018,".@brithume on NK summit: ""I think the president's seeming eagerness for all of this to go forward is a little troub‚Ä¶ https://t.co/BQgWhWVAIc"
Fox,0.0,1.0,0.0,0.0,35,Sun Jun 03 19:00:21 +0000 2018,".@larry_kudlow: ""In the world trade game, rule breaking is all over the place. That's why I think that the presiden‚Ä¶ https://t.co/O08Fq0HcML"
Fox,0.0,1.0,0.0,0.0,36,Sun Jun 03 18:59:20 +0000 2018,May jobs report. #FoxNewsSunday https://t.co/XIIaQOe6FA
Fox,0.0,0.862,0.138,0.3724,37,Sun Jun 03 18:56:10 +0000 2018,".@larry_kudlow on tariffs: ""The NAFTA talks haven't broken down. We're still having those conversations. And we're‚Ä¶ https://t.co/lpIf0oleor"
Fox,0.0,1.0,0.0,0.0,38,Sun Jun 03 18:56:00 +0000 2018,President @realDonaldTrump's tariffs. #FoxNewsSunday https://t.co/3VOpeAr4uq
Fox,0.223,0.777,0.0,-0.5096,39,Sun Jun 03 18:53:12 +0000 2018,".@larry_kudlow on tariffs: ""if you don't have a level playing field, you can't operate free trade."" #FoxNewsSunday‚Ä¶ https://t.co/AKp6N4lKH0"
Fox,0.0,1.0,0.0,0.0,40,Sun Jun 03 18:51:11 +0000 2018,.@newtgingrich: We're Closer to a 'Red Wave' Than a 'Blue Wave' in November https://t.co/LrJ2rP94jo
Fox,0.135,0.865,0.0,-0.3597,41,Sun Jun 03 18:50:08 +0000 2018,".@larry_kudlow on tariffs: ""The World Trade Organization, which sets these rules, has been totally ineffectual. It‚Ä¶ https://t.co/4J0aWxCQp3"
Fox,0.224,0.691,0.085,-0.5267,42,Sun Jun 03 18:49:02 +0000 2018,".@larry_kudlow on tariff retaliation threats: ""This is a trade dispute, if you will. It can be solved if people wor‚Ä¶ https://t.co/3PpUplTxAM"
Fox,0.0,0.69,0.31,0.6486,43,Sun Jun 03 18:46:52 +0000 2018,".@larry_kudlow on tariffs: ""[@POTUS] has declared our steel industry a national security matter and he hopes throug‚Ä¶ https://t.co/AcOaSsJIL5"
Fox,0.0,1.0,0.0,0.0,44,Sun Jun 03 18:44:21 +0000 2018,"@larry_kudlow on NK summit: ""Now, as we head into the negotiations, I think the president is being very realistic a‚Ä¶ https://t.co/KuXXjYC7bW"
Fox,0.267,0.733,0.0,-0.6124,45,Sun Jun 03 18:43:34 +0000 2018,"After Roseanne's racist tweet, Obama ally Valerie Jarrett starts wooing voters https://t.co/NWJbG0Oaax"
Fox,0.0,0.849,0.151,0.3595,46,Sun Jun 03 18:39:00 +0000 2018,MONDAY: @PressSec Sarah Sanders and @MarkLevinShow join @SeanHannity at 9p ET. Tune in! #Hannity https://t.co/rHd4sahcys
Fox,0.0,1.0,0.0,0.0,47,Sun Jun 03 18:36:21 +0000 2018,".@larry_kudlow on NK summit: ""The key point is that we're sitting down. And the second key point is that the presid‚Ä¶ https://t.co/AyXMO2idNl"
Fox,0.0,1.0,0.0,0.0,48,Sun Jun 03 18:34:38 +0000 2018,"On ""Sunday Morning Futures,"" Rep. @DevinNunes, a Republican from California, weighed on in Google, which came under‚Ä¶ https://t.co/xx73c5i32z"
Fox,0.249,0.751,0.0,-0.6486,49,Sun Jun 03 18:30:30 +0000 2018,Dog found dead in crate during Delta Air Lines layover for cross-country flight https://t.co/a3noVwIITC
Fox,0.0,0.657,0.343,0.6486,50,Sun Jun 03 18:29:17 +0000 2018,".@CLewandowski_ on @POTUS' pardons: ""Under the Constitution, he has the legal authority to pardon anybody. That's a‚Ä¶ https://t.co/vIIhFd7asa"
Fox,0.109,0.644,0.248,0.4215,51,Sun Jun 03 18:26:51 +0000 2018,".@CLewandowski_: ""[President @realDonaldTrump] clearly respects the rule of law in the country. There's no question‚Ä¶ https://t.co/xR7ef4FAKJ"
Fox,0.0,0.925,0.075,0.1154,52,Sun Jun 03 18:25:31 +0000 2018,".@CLewandowski_: ""@POTUS has offered to sit down with the Mueller investigators but he has said...they want to unde‚Ä¶ https://t.co/l6KMXxyPmZ"
Fox,0.0,0.695,0.305,0.7557,53,Sun Jun 03 18:23:00 +0000 2018,"‚ÄòDespair and Hope in America: Fox News Investigates‚Äô ‚Äì Don't miss part one of this special series on ‚ÄòFox Report,‚Äô‚Ä¶ https://t.co/mcfNj4pofE"
Fox,0.167,0.833,0.0,-0.296,54,Sun Jun 03 18:07:29 +0000 2018,Idaho teacher accused of feeding live puppy to turtle faces charge https://t.co/EpND6hOisM
Fox,0.115,0.885,0.0,-0.296,55,Sun Jun 03 17:55:17 +0000 2018,"Robert Mueller needs to 'man up,' avoid pulling 'another Comey' as Russia probe wraps up, Giuliani says https://t.co/fpgGFOr8hv"
Fox,0.12,0.88,0.0,-0.3818,56,Sun Jun 03 17:42:24 +0000 2018,".@RealCandaceO: ""You see so many students that are speaking out saying that their professors are upset with them fo‚Ä¶ https://t.co/hiZ0QV4gSH"
Fox,0.0,1.0,0.0,0.0,57,Sun Jun 03 17:32:00 +0000 2018,"""Last month, 200,000 more black Americans had jobs than they had the month before. Absolutely remarkable.""

On‚Ä¶ https://t.co/JbmpugFzFB"
Fox,0.0,0.899,0.101,0.2263,58,Sun Jun 03 17:28:37 +0000 2018,".@Scaramucci: ""What hasn't been mentioned all week is that President Clinton also pardoned his brother Roger Clinto‚Ä¶ https://t.co/NwjQAq0hCW"
Fox,0.326,0.674,0.0,-0.7003,59,Sun Jun 03 17:26:40 +0000 2018,Georgia cop fired after hitting suspect fleeing on foot with his patrol car https://t.co/xUjCCiJr38
Fox,0.0,1.0,0.0,0.0,60,Sun Jun 03 17:15:46 +0000 2018,".@KellyannePolls: ""One eighth of our U.S. Circuit Court now includes a Trump judge."" https://t.co/QApBQwuHG8"
Fox,0.152,0.662,0.185,0.128,61,Sun Jun 03 17:09:44 +0000 2018,".@Peggynoonannyc: America‚Äôs lost faith in itself. We can bring it back
https://t.co/OKrBq90KYc"
Fox,0.0,0.519,0.481,0.8126,62,Sun Jun 03 17:06:16 +0000 2018,"Woman, childhood best friend are revealed to be half-siblings https://t.co/WHVft0PrH0"
Fox,0.0,0.83,0.17,0.5707,63,Sun Jun 03 17:01:00 +0000 2018,"TONIGHT: A brand new ""Life, Liberty, and Levin"" with @marklevinshow - Tune in at 10p ET on Fox News Channel! https://t.co/KcIyJeV36Z"
Fox,0.139,0.861,0.0,-0.4404,64,Sun Jun 03 16:49:20 +0000 2018,".@cvpayne: ""Last month, 76,000 blacks entered the labor force. The unemployment rate for black Americans went to an‚Ä¶ https://t.co/0o5Fp0Ke7T"
Fox,0.0,1.0,0.0,0.0,65,Sun Jun 03 16:41:00 +0000 2018,"On @NextRevFNC, @SteveHiltonx investigates Gov. Jerry Brown's policies and their effect on California. Tune in toni‚Ä¶ https://t.co/P2SpGanG8M"
Fox,0.091,0.576,0.333,0.7096,66,Sun Jun 03 16:32:00 +0000 2018,".@SpeakerBoehner: ""There is no Republican Party. There's a Trump Party. The Republican Party is kind of taking a na‚Ä¶ https://t.co/fr6L4MPCmb"
Fox,0.333,0.667,0.0,-0.8176,67,Sun Jun 03 16:30:25 +0000 2018,"'Builder to the stars,' his wife among 4 feared dead after plane crashes off New York coast https://t.co/ZoreukG5Yn"
Fox,0.0,0.814,0.186,0.4939,68,Sun Jun 03 16:19:37 +0000 2018,"On ""Sunday Morning Futures,"" @WhiteHouse Trade Policy Director Peter Navarro praised President @realDonaldTrump's e‚Ä¶ https://t.co/H2hR2LtS9D"
Fox,0.0,0.492,0.508,0.7351,69,Sun Jun 03 16:14:02 +0000 2018,".@NancyPelosi hits bonuses, tax benefits as ""crumbs."" https://t.co/zNcp4a2nBn"
Fox,0.0,0.694,0.306,0.8176,70,Sun Jun 03 16:07:00 +0000 2018,"The team you trust. The network you love.

Watch 'Hannity,' weeknights at 9p ET on Fox News Channel. https://t.co/7tl5PucYOi"
Fox,0.247,0.753,0.0,-0.7096,71,Sun Jun 03 15:54:00 +0000 2018,".@newtgingrich: ""Menendez in NJ is in trouble because of his scandals. I think we're very likely to pick up Florida‚Ä¶ https://t.co/BABYpgEew5"
Fox,0.0,0.893,0.107,0.34,72,Sun Jun 03 15:46:00 +0000 2018,".@GovMikeHuckabee: ""All we need to do is take [@NancyPelosi's] words, put it on television, and play it over and ov‚Ä¶ https://t.co/ifefT3tVsb"
Fox,0.128,0.872,0.0,-0.4215,73,Sun Jun 03 15:45:00 +0000 2018,"TONIGHT: 'Legends &amp; Lies' Returns With a Riveting Look at John Wilkes Booth - Hosted by Brian @Kilmeade, it all beg‚Ä¶ https://t.co/1WcXoiI59q"
Fox,0.266,0.622,0.112,-0.5719,74,Sun Jun 03 15:42:57 +0000 2018,Indiana police officers support daughter of fallen trooper at graduation more than 10 years after his death https://t.co/8330yRYoPf
Fox,0.0,0.718,0.282,0.7096,75,Sun Jun 03 15:41:15 +0000 2018,".@emilyjashinsky: ""What I cannot wrap my head around is the fact that [@JoyAnnReid] pretty much clearly fabricated‚Ä¶ https://t.co/4B96m11fFn"
Fox,0.0,1.0,0.0,0.0,76,Sun Jun 03 15:37:46 +0000 2018,".@Richardafowler: ""I don't think you can conflate the two cases."" #MediaBuzz https://t.co/ENEkW7Slpw"
Fox,0.0,1.0,0.0,0.0,77,Sun Jun 03 15:35:50 +0000 2018,"'Comey and the boys' shouldn't have hidden probe of Paul Manafort during campaign, Trump says‚Ä¶ https://t.co/0TzMdV3bDj"
Fox,0.348,0.652,0.0,-0.5859,78,Sun Jun 03 15:34:33 +0000 2018,FBI agent accidentally fires gun while dancing at a Denver nightclub https://t.co/cHhoRe5nTe
Fox,0.0,0.906,0.094,0.1695,79,Sun Jun 03 15:26:41 +0000 2018,".@KatiePavlich: ""The mainstream media, let's not forget, propped @realDonaldTrump during the primary and as soon as‚Ä¶ https://t.co/X4qik1e0HT"
Fox,0.0,0.695,0.305,0.7557,80,Sun Jun 03 15:18:12 +0000 2018,"‚ÄòDespair and Hope in America: Fox News Investigates‚Äô ‚Äì Don't miss part one of this special series on ‚ÄòFox Report,‚Äô‚Ä¶ https://t.co/bkkUmS8qdB"
Fox,0.0,1.0,0.0,0.0,81,Sun Jun 03 15:16:00 +0000 2018,".@newtgingrich on June 12th summit: ""I could imagine at breakfast that morning the whole thing blowing up.""‚Ä¶ https://t.co/vki4UTX7HO"
Fox,0.241,0.759,0.0,-0.5423,82,Sun Jun 03 15:09:50 +0000 2018,"Tennessee man shoots, kills would-be burglars at his home, police say https://t.co/fcJPfYXe8z"
Fox,0.095,0.905,0.0,-0.25,83,Sun Jun 03 15:05:00 +0000 2018,".@newtgingrich on @Google: ""If in fact this is used as a engine of left-wing propaganda, people are going to demand‚Ä¶ https://t.co/MXTHAKyKbc"
Fox,0.0,1.0,0.0,0.0,84,Sun Jun 03 14:57:00 +0000 2018,".@newtgingrich: ""I would predict today we're closer to a red wave than a #bluewave in terms of the fall campaign.""‚Ä¶ https://t.co/QSTcufMcHj"
Fox,0.0,0.787,0.213,0.4019,85,Sun Jun 03 14:54:51 +0000 2018,"Kilauea one-month anniversary has residents on edge, seeking mental help https://t.co/1cvCyqmmu3"
Fox,0.097,0.903,0.0,-0.1027,86,Sun Jun 03 14:49:05 +0000 2018,".@DevinNunes: ""There is bias against conservatives and Republicans all across this country."" #SundayFutures‚Ä¶ https://t.co/mBalRCLEzu"
Fox,0.0,1.0,0.0,0.0,87,Sun Jun 03 14:39:34 +0000 2018,".@DevinNunes: ""All the members of my committee don't believe that the counter-intelligence capabilities should be u‚Ä¶ https://t.co/mx4Dh4RjMB"
Fox,0.0,1.0,0.0,0.0,88,Sun Jun 03 14:38:03 +0000 2018,".@DevinNunes: ""A lot of the Clinton email investigation team are the same people that are involved with the scandal‚Ä¶ https://t.co/AyDJLKvNv8"
Fox,0.0,0.849,0.151,0.3595,89,Sun Jun 03 14:38:00 +0000 2018,MONDAY: @PressSec Sarah Sanders and @MarkLevinShow join @SeanHannity at 9p ET. Tune in! #Hannity https://t.co/e2K2oorH6C
Fox,0.0,1.0,0.0,0.0,90,Sun Jun 03 14:35:00 +0000 2018,".@DevinNunes: ""Almost a year now, we've been waiting for documents from the Deputy Attorney General.""‚Ä¶ https://t.co/xjKbTE6bv6"
Fox,0.128,0.872,0.0,-0.2263,91,Sun Jun 03 14:29:31 +0000 2018,LaVar Ball to NFL Protesters: Stand for the National Anthem or 'Get Out' https://t.co/r7EqTV12t1
Fox,0.124,0.876,0.0,-0.4019,92,Sun Jun 03 14:29:00 +0000 2018,"Peter Navarro: ""Either we're going to get a deal for the American people that basically reduces the trade deficit w‚Ä¶ https://t.co/6ac5a2OxgH"
Fox,0.44,0.451,0.109,-0.8316,93,Sun Jun 03 14:23:00 +0000 2018,"Peter Navarro: ""No president has fought the war on poverty better than Donald J. Trump."" #SundayFutures‚Ä¶ https://t.co/baf6SdZnrl"
Fox,0.186,0.814,0.0,-0.4939,94,Sun Jun 03 14:19:38 +0000 2018,"Peter Navarro: ""They take our technology, Maria. Everybody knows they steal it."" #SundayFutures @MariaBartiromo https://t.co/CkWmvSgS02"
Fox,0.086,0.747,0.167,0.4663,95,Sun Jun 03 14:15:02 +0000 2018,"Peter Navarro: ""This economy is so strong that nobody should be worried about any of the spin that anybody's saying‚Ä¶ https://t.co/nHfir9n7NM"
Fox,0.0,1.0,0.0,0.0,96,Sun Jun 03 14:12:00 +0000 2018,"TODAY on @FoxNewsSunday, @larry_kudlow joins Chris Wallace for an interview. Tune in at 2p and 7p ET on Fox News Ch‚Ä¶ https://t.co/sxOnAYt2oT"
Fox,0.457,0.43,0.113,-0.8316,97,Sun Jun 03 14:06:54 +0000 2018,"Peter Navarro: ""No president has fought the war on poverty better than Donald J. Trump."" https://t.co/nApTMxMGgw"
Fox,0.0,0.87,0.13,0.34,98,Sun Jun 03 14:06:13 +0000 2018,"Peter Navarro: ""All @POTUS is doing is defending this country's national security, sovereignty, and economic securi‚Ä¶ https://t.co/I31Onfj3TM"
Fox,0.0,1.0,0.0,0.0,99,Sun Jun 03 14:04:28 +0000 2018,"Peter Navarro: ""As @POTUS has said, we need aluminum and steel industries if we're going to have a country.""‚Ä¶ https://t.co/sHq3tXnp4z"
Fox,0.0,0.894,0.106,0.3612,100,Sun Jun 03 14:03:48 +0000 2018,"Peter Navarro: ""What we have here is President Donald J. Trump taking an action that he promised on the campaign tr‚Ä¶ https://t.co/KWQUibW8bj"
New York Times,0.0,1.0,0.0,0.0,1,Sun Jun 03 22:40:07 +0000 2018,N.B.A. Finals 2018: Cavs vs. Warriors Game 2 Updates https://t.co/RwHYfYHo23
New York Times,0.114,0.735,0.151,0.2263,2,Sun Jun 03 22:27:43 +0000 2018,A guilty pleasure for many children of the '90s: A personal pan pizza from Pizza Hut. What corporate delivery pie d‚Ä¶ https://t.co/DHDflBQHX5
New York Times,0.667,0.333,0.0,-0.25,3,Sun Jun 03 22:09:45 +0000 2018,Alone https://t.co/G3zzMesQUR
New York Times,0.432,0.568,0.0,-0.8225,4,Sun Jun 03 22:00:29 +0000 2018,A Soldier Died After Racist Hazing. Now His Story Is an Opera. https://t.co/7dHOsbvj6L
New York Times,0.098,0.697,0.205,0.3818,5,Sun Jun 03 22:00:06 +0000 2018,"Sutton Foster: ""Some people are like, 'You sing?' I‚Äôm like, 'Yes, I sing.' It drives me crazy. It‚Äôs been fascinatin‚Ä¶ https://t.co/LPMF0SbInb"
New York Times,0.0,0.641,0.359,0.6808,6,Sun Jun 03 21:46:19 +0000 2018,Democrats Hope an Asian Influx Will Help Turn Orange County Blue https://t.co/CbKFAPnsc7
New York Times,0.153,0.847,0.0,-0.5574,7,Sun Jun 03 21:45:04 +0000 2018,"After an already rickety launch, ‚ÄúSolo: A Star Wars Story‚Äù took a nose-dive at the box office in its second week in‚Ä¶ https://t.co/YB3U7nN12y"
New York Times,0.0,0.619,0.381,0.8225,8,Sun Jun 03 21:30:09 +0000 2018,"The economy is in a sweet spot, with steady growth and broad improvement in the labor market https://t.co/lnbaMQMJn7"
New York Times,0.0,1.0,0.0,0.0,9,Sun Jun 03 21:23:21 +0000 2018,"RT @marclacey: As California prepares to vote Tuesday, may I introduce our stellar team of NYT national correspondents based there: @adamna‚Ä¶"
New York Times,0.0,1.0,0.0,0.0,10,Sun Jun 03 21:15:06 +0000 2018,Here are some recommendations if you're wondering what to watch for the remainder of your weekend https://t.co/t90PQMmD9D
New York Times,0.091,0.909,0.0,-0.1779,11,Sun Jun 03 21:07:06 +0000 2018,"‚ÄúSomething weird happened,‚Äù the president of the Yosemite Climbing Association said of the deadly fall. ‚ÄúThere‚Äôs no‚Ä¶ https://t.co/7ZRLy1P8FJ"
New York Times,0.0,0.909,0.091,0.1779,12,Sun Jun 03 21:00:10 +0000 2018,"Michael Lewis is part of a growing group of A-list authors bypassing print and releasing audiobook originals, hopin‚Ä¶ https://t.co/hom5zHaSrr"
New York Times,0.323,0.677,0.0,-0.7351,13,Sun Jun 03 20:51:06 +0000 2018,‚ÄúHere was Sherlock Holmes fighting off 4 attackers just round the corner from Baker Street.‚Äù https://t.co/RUl2gLJPNc
New York Times,0.0,1.0,0.0,0.0,14,Sun Jun 03 20:45:10 +0000 2018,Here are some ideas for what to cook this week https://t.co/haDa1gX5yS
New York Times,0.174,0.714,0.112,-0.34,15,Sun Jun 03 20:37:04 +0000 2018,"Nearly 4 years after the chokehold death of Eric Garner and vows of greater transparency, the disciplinary history‚Ä¶ https://t.co/G0ckyXzyXR"
New York Times,0.095,0.905,0.0,-0.3182,16,Sun Jun 03 20:30:12 +0000 2018,"How Marc Jacobs fell out of fashion: He left Louis Vuitton, shrunk his business, shut most of his stores and lost h‚Ä¶ https://t.co/wi2WV98nsj"
New York Times,0.0,1.0,0.0,0.0,17,Sun Jun 03 20:22:05 +0000 2018,"‚ÄúI wanted to cry,‚Äù said the chief of orthopedic service at a hospital in Afghanistan, where 7 children were brought‚Ä¶ https://t.co/oI62AFfbTw"
New York Times,0.076,0.56,0.364,0.802,18,Sun Jun 03 20:15:06 +0000 2018,"Disappear into a thriller, a romance, a cookbook or the great outdoors: Our summer reading guide has books for ever‚Ä¶ https://t.co/uWhmLeklN3"
New York Times,0.0,1.0,0.0,0.0,19,Sun Jun 03 20:00:17 +0000 2018,"In the absence of a customs union, every single one of the thousands of trucks that pass through the British port a‚Ä¶ https://t.co/ZRczelRCB9"
New York Times,0.148,0.786,0.066,-0.4404,20,Sun Jun 03 19:45:07 +0000 2018,3 women say they were led to believe the film mogul Harvey Weinstein‚Äôs criminal defense firm wanted to represent th‚Ä¶ https://t.co/9SKeoleTIZ
New York Times,0.0,0.87,0.13,0.4588,21,Sun Jun 03 19:37:07 +0000 2018,"""Kanye West still has a streak of compassion and empathy, in the rare moments when he‚Äôs not thinking only of himsel‚Ä¶ https://t.co/rEeoa7jZ5w"
New York Times,0.145,0.855,0.0,-0.376,22,Sun Jun 03 19:30:01 +0000 2018,"Planning the details of the Tump-Kim summit is very, very tricky: Who will enter the room first? Who will pay for t‚Ä¶ https://t.co/safgULgK3j"
New York Times,0.175,0.717,0.108,-0.3612,23,Sun Jun 03 19:15:05 +0000 2018,Security officials said a boat had been packed with about 180 migrants. Dozens drowned when the boat capsized. https://t.co/TDcJobhcb3
New York Times,0.212,0.788,0.0,-0.6486,24,Sun Jun 03 19:00:18 +0000 2018,"Steven Pitt, a high-profile forensic psychiatrist, was shot dead on Thursday. Less than 24 hours later, 2 paralegal‚Ä¶ https://t.co/Zy1uG2juvN"
New York Times,0.0,0.949,0.051,0.1027,25,Sun Jun 03 18:56:46 +0000 2018,"RT @melbournecoal: The NYT is on the ground in districts across CA as we await the primary. I‚Äôll be in CA-25, just north of LA, where 4 Dem‚Ä¶"
New York Times,0.182,0.818,0.0,-0.4404,26,Sun Jun 03 18:45:02 +0000 2018,"RT @Watching: Are you already mourning ""The Americans""? Here's what to watch next: https://t.co/l1VuxJGS6k"
New York Times,0.0,1.0,0.0,0.0,27,Sun Jun 03 18:30:11 +0000 2018,"In Opinion

Op-Ed contributor Steve Kettmann writes, ""California doesn‚Äôt just oppose Mr. Trump; it offers a better‚Ä¶ https://t.co/VPTf7Lv2JY"
New York Times,0.0,0.922,0.078,0.1531,28,Sun Jun 03 18:20:35 +0000 2018,"RT @amyfiscus: Even when dealers are caught selling guns illegally, they routinely go unpunished by the ATF. @AliWatkins scoop https://t.co‚Ä¶"
New York Times,0.159,0.841,0.0,-0.5256,29,Sun Jun 03 18:15:06 +0000 2018,It was Christmas Day when the 34-year-old woman acknowledged that something was really wrong. She realized she was‚Ä¶ https://t.co/MFg0zYKT3x
New York Times,0.108,0.69,0.202,0.4404,30,Sun Jun 03 18:00:19 +0000 2018,Use your day off to catch up on some great reads you may have missed https://t.co/5F6T7xur5r
New York Times,0.0,1.0,0.0,0.0,31,Sun Jun 03 17:45:07 +0000 2018,RT @marclacey: ¬øQuedarse o partir? Dos puertorrique√±as frente a una decisi√≥n https://t.co/RbZu1aWLxe via @nytimesES
New York Times,0.0,0.833,0.167,0.2023,32,Sun Jun 03 17:30:14 +0000 2018,"Here are the week‚Äôs top stories, and a look ahead https://t.co/UR0Y41WK6r"
New York Times,0.286,0.714,0.0,-0.802,33,Sun Jun 03 17:15:12 +0000 2018,"The London police have blamed a bleak rap genre, drill, for a rise in violence. They've gotten YouTube to take down‚Ä¶ https://t.co/iR5NgPyLaF"
New York Times,0.142,0.858,0.0,-0.5106,34,Sun Jun 03 17:00:09 +0000 2018,"‚ÄúIf it was 5,000 dogs, there would be outrage. If it was 5,000 blonde-haired, blue-eyed women, there would be outra‚Ä¶ https://t.co/79qhh12yVB"
New York Times,0.0,0.846,0.154,0.4767,35,Sun Jun 03 16:45:08 +0000 2018,"In Opinion

Op-Ed columnist @MaureenDowd writes that Obama ""pushed aside his loyal vice president, who was consider‚Ä¶ https://t.co/RRwfLvDAAj"
New York Times,0.0,1.0,0.0,0.0,36,Sun Jun 03 16:30:03 +0000 2018,"RT @NYTSports: The Warriors' explosive third-quarter runs have become a phenomenon, and nobody knows quite what to make of it. But a closer‚Ä¶"
New York Times,0.0,0.88,0.12,0.3818,37,Sun Jun 03 16:15:06 +0000 2018,"On Saturday, Pedro S√°nchez was sworn in as Spain‚Äôs new prime minister, a stunning and rapid turnaround for a man wh‚Ä¶ https://t.co/jZSHt2632n"
New York Times,0.286,0.616,0.098,-0.7351,38,Sun Jun 03 16:00:09 +0000 2018,"‚ÄúHe told me nobody would help me, because I don‚Äôt have papers."" Reports of domestic violence and sexual assault in‚Ä¶ https://t.co/SLrX3XxChn"
New York Times,0.213,0.663,0.124,-0.2565,39,Sun Jun 03 15:45:05 +0000 2018,Beijing officials refused to pledge any additional purchases from the United States without an American agreement t‚Ä¶ https://t.co/gLfzlTqbVa
New York Times,0.0,1.0,0.0,0.0,40,Sun Jun 03 15:30:16 +0000 2018,"If nothing else, Jon Tester is incautious, at least compared to most of the other Senate Democrats up for re-electi‚Ä¶ https://t.co/1H8ThOZLrm"
New York Times,0.0,1.0,0.0,0.0,41,Sun Jun 03 15:15:09 +0000 2018,"President Bashar al-Assad of Syria plans to visit North Korea‚Äôs leader, Kim Jong-un, the North‚Äôs state-run news med‚Ä¶ https://t.co/le82t3KpYc"
New York Times,0.0,0.669,0.331,0.7845,42,Sun Jun 03 15:00:08 +0000 2018,RT @marclacey: ‚ÄúEditor‚Äôs note: This article was published without a byline and photo credits to protect the journalist‚Äôs safety. ‚Äú https://‚Ä¶
New York Times,0.253,0.747,0.0,-0.7269,43,Sun Jun 03 14:45:07 +0000 2018,Widely different estimates of Hurricane Maria‚Äôs death toll in Puerto Rico have led to confusion. Here is a guide to‚Ä¶ https://t.co/Ido3ZF11in
New York Times,0.196,0.804,0.0,-0.6597,44,Sun Jun 03 14:30:02 +0000 2018,"Many women with breast cancer can skip chemotherapy, a study found. ‚ÄúWe can spare thousands and thousands of women‚Ä¶ https://t.co/TXDafLWE2D"
New York Times,0.0,1.0,0.0,0.0,45,Sun Jun 03 14:20:03 +0000 2018,"RT @marclacey: California is about to hold a key primary election that will affect the direction of the state, and the nation. To follow ou‚Ä¶"
New York Times,0.126,0.874,0.0,-0.3818,46,Sun Jun 03 14:12:01 +0000 2018,"A 20-page letter from President Trump's lawyers to Robert Mueller, obtained by The New York Times, argues that the‚Ä¶ https://t.co/ybw1yuh4Md"
New York Times,0.0,1.0,0.0,0.0,47,Sun Jun 03 13:57:04 +0000 2018,We invited a group of New York Times journalists who happen to possess the anatomy in question to pick apart the co‚Ä¶ https://t.co/o9IMFDmzmK
New York Times,0.0,1.0,0.0,0.0,48,Sun Jun 03 13:39:38 +0000 2018,Assad Said to Plan Meeting With North Korea‚Äôs Leader https://t.co/Lfku9w7iWs
New York Times,0.0,0.811,0.189,0.4939,49,Sun Jun 03 13:30:07 +0000 2018,Writers like Ada Calhoun and Michael Lewis are part of a growing group of A-list authors bypassing print and releas‚Ä¶ https://t.co/vNfOz6tiwD
New York Times,0.0,1.0,0.0,0.0,50,Sun Jun 03 13:06:33 +0000 2018,"Pedro S√°nchez, Spain‚Äôs New Leader, Returns From the Political Wilderness https://t.co/BLmg6gtKqj"
New York Times,0.112,0.888,0.0,-0.34,51,Sun Jun 03 13:00:05 +0000 2018,Trump often points out that his predecessors left him the ‚Äúmess‚Äù of a nuclear-armed North Korea ‚Äî errors he vows no‚Ä¶ https://t.co/xN3F5jDRN3
New York Times,0.0,1.0,0.0,0.0,52,Sun Jun 03 12:48:15 +0000 2018,The Californization of America https://t.co/Ic8wgrjwnB
New York Times,0.0,0.818,0.182,0.4995,53,Sun Jun 03 12:30:06 +0000 2018,"Vancouver real estate is so expensive that politicians want to tax it into submission, and many homeowners are OK w‚Ä¶ https://t.co/WZ38GOGxhT"
New York Times,0.0,0.852,0.148,0.5106,54,Sun Jun 03 12:00:13 +0000 2018,"Scott Pruitt, who has reversed Obama-era EPA rules, enjoys cozy ties with a coal baron who got him a superfan exper‚Ä¶ https://t.co/lWerrCr42b"
New York Times,0.254,0.578,0.168,-0.3612,55,Sun Jun 03 11:45:30 +0000 2018,Good News for Women With Breast Cancer: Many Don‚Äôt Need Chemo https://t.co/L9or3uc4Is
New York Times,0.0,1.0,0.0,0.0,56,Sun Jun 03 11:30:10 +0000 2018,This past week brought 2 developments that could prove pivotal in November for Senate Republicans  https://t.co/tLrn1nA5Mi
New York Times,0.0,0.776,0.224,0.5994,57,Sun Jun 03 11:00:05 +0000 2018,The top candidates for California governor grapple with the popularity of Jerry Brown and their own indiscretions a‚Ä¶ https://t.co/QXlrM8epcL
New York Times,0.0,0.781,0.219,0.4215,58,Sun Jun 03 10:52:43 +0000 2018,Saudi Arabia Names New Ministers Close to Powerful Crown Prince https://t.co/E1QekZjpCE
New York Times,0.0,1.0,0.0,0.0,59,Sun Jun 03 10:38:30 +0000 2018,Encounters: This Harry Potter Uses a Bow and Arrow. Not a Wand. https://t.co/2KLyUDzJKw
New York Times,0.0,1.0,0.0,0.0,60,Sun Jun 03 10:36:15 +0000 2018,"Sunday Routine: How Angela Goding, of MoMA PS1, Spends Her Sundays https://t.co/BDaXC9Lkdr"
New York Times,0.0,0.87,0.13,0.2716,61,Sun Jun 03 10:30:08 +0000 2018,Will a Canadian version of Donald Trump become leader of the country's most important province? https://t.co/i1gLYTDIsg
New York Times,0.0,0.833,0.167,0.6369,62,Sun Jun 03 10:00:16 +0000 2018,"Pedro Markun once thought hacking Brazil‚Äôs political system was the best way to change it. Now, he wants to do more‚Ä¶ https://t.co/DIb3KpEtxn"
New York Times,0.18,0.71,0.109,-0.3182,63,Sun Jun 03 09:33:36 +0000 2018,"The author Malcolm Gladwell: ""I would release 95% of prisoners if I had the chance"" https://t.co/eSrFSbsoHc"
New York Times,0.112,0.888,0.0,-0.34,64,Sun Jun 03 09:16:43 +0000 2018,The work culture for families has been stubbornly slow to change in Washington. Meet the federal regulator who brin‚Ä¶ https://t.co/ln0ZRVntC8
New York Times,0.0,1.0,0.0,0.0,65,Sun Jun 03 09:00:18 +0000 2018,The gear you‚Äôll need to survive in the wilderness. (Or your backyard.) https://t.co/AUQEtB08Im
New York Times,0.146,0.854,0.0,-0.34,66,Sun Jun 03 08:42:13 +0000 2018,"Trilobites: Ladybugs, Aphids and the Toxic Combat That Might Be Happening in Your Garden https://t.co/OFiK5yf0JQ"
New York Times,0.099,0.901,0.0,-0.296,67,Sun Jun 03 08:27:09 +0000 2018,"An R-rated movie with Melissa McCarthy and a cast of puppets can use the tagline ""No Sesame. All Street."" For now.  https://t.co/bVG1KqEG1y"
New York Times,0.0,0.519,0.481,0.9001,68,Sun Jun 03 08:10:35 +0000 2018,"In this environment, free of goals, free of the promise of a new challenge, you become a true human animal https://t.co/wU2D3oLMi8"
New York Times,0.255,0.637,0.109,-0.5994,69,Sun Jun 03 07:53:31 +0000 2018,"The good, the bad and the ugly of college admissions in the U.S.: college-bound high school seniors tell all https://t.co/Jt7aEuI9Jm"
New York Times,0.0,0.858,0.142,0.5106,70,Sun Jun 03 07:36:56 +0000 2018,A reader who always wondered how her father survived the Holocaust found the answer in one of our obituaries. ‚ÄúI ha‚Ä¶ https://t.co/jdOwtN3UPV
New York Times,0.0,1.0,0.0,0.0,71,Sun Jun 03 07:20:12 +0000 2018,"""What is the responsibility of a sibling for a sibling?"" https://t.co/yi7RoKC4a5"
New York Times,0.0,0.734,0.266,0.5719,72,Sun Jun 03 07:03:22 +0000 2018,"Egalitarian and sincere, Norway‚Äôs version of New Nordic cooking is frisky, witty and unpretentious https://t.co/qxsp1OZtaH"
New York Times,0.196,0.616,0.188,-0.0516,73,Sun Jun 03 06:46:33 +0000 2018,"Jonathan Kasdan on the romantic comedy that provided entree to ""Raiders,"" the highs and lows of his ""Star Wars"" wor‚Ä¶ https://t.co/az9BXVlhSV"
New York Times,0.126,0.874,0.0,-0.3182,74,Sun Jun 03 06:29:54 +0000 2018,"Summer, once the dumping ground of television, is now the season with a little something for everyone https://t.co/zah4CJYrIz"
New York Times,0.0,0.846,0.154,0.4767,75,Sun Jun 03 06:13:24 +0000 2018,"Bill Clinton: ""I wanted to become a politician because I was fascinated by people, policy and politics. I read book‚Ä¶ https://t.co/FibiADvaTo"
New York Times,0.0,1.0,0.0,0.0,76,Sun Jun 03 05:55:23 +0000 2018,Louder background music makes people choose less healthful foods https://t.co/8OBxjOMHUm
New York Times,0.0,0.881,0.119,0.2263,77,Sun Jun 03 05:38:31 +0000 2018,"A photographer's 3-decade exploration of Hanoi, Vietnam, charts the city‚Äôs architectural, cultural and economic evo‚Ä¶ https://t.co/Svhe9pIiFh"
New York Times,0.0,1.0,0.0,0.0,78,Sun Jun 03 05:21:26 +0000 2018,"In @NYTOpinion 

Op-Ed Contributor Margaret Renkl writes, ""I don't know what these legislators are thinking. Maybe‚Ä¶ https://t.co/4lTN9bSdvG"
New York Times,0.0,0.821,0.179,0.3291,79,Sun Jun 03 05:03:44 +0000 2018,"""I want my son to feel the immediate ease I do when I walk into a room full of Southern voices, but I don‚Äôt want ot‚Ä¶ https://t.co/nYdLWa8F2z"
New York Times,0.0,1.0,0.0,0.0,80,Sun Jun 03 04:45:28 +0000 2018,"Young adults are not only marrying and having children later in life than previous generations, but taking more tim‚Ä¶ https://t.co/qeTRTtsRfg"
New York Times,0.363,0.637,0.0,-0.8442,81,Sun Jun 03 04:27:35 +0000 2018,"""The thought of either of my 2 sons harassing or assaulting another person, or being victims themselves, is enough‚Ä¶ https://t.co/jD5QFTmW10"
New York Times,0.113,0.591,0.296,0.4019,82,Sun Jun 03 04:11:02 +0000 2018,"While Berlin certainly features a fair number of luxury options, it hasn‚Äôt lost its populist edge https://t.co/yfH4SdbwHo"
New York Times,0.0,1.0,0.0,0.0,83,Sun Jun 03 03:53:52 +0000 2018,Trump to Hold Ramadan Dinner After Skipping It Last Year https://t.co/tlcCEPZe1i
New York Times,0.184,0.816,0.0,-0.5574,84,Sun Jun 03 03:49:19 +0000 2018,The Ethicist columnist on whether you should inform people if you're carrying an illegal medical drug https://t.co/y0xlqyCaBj
New York Times,0.0,1.0,0.0,0.0,85,Sun Jun 03 03:31:24 +0000 2018,A luxurious summer risotto https://t.co/zDkMqBCg5q https://t.co/BllSx4GKxY
New York Times,0.0,0.805,0.195,0.5267,86,Sun Jun 03 03:12:46 +0000 2018,An ideal vehicle for the ripest strawberries at the height of the season https://t.co/fgar5lOIQT https://t.co/09IxVHN3Ma
New York Times,0.149,0.775,0.076,-0.3248,87,Sun Jun 03 02:56:32 +0000 2018,How to deal with those annoying group messages without silencing everything else on your phone https://t.co/s10FyJ6PqL
New York Times,0.0,1.0,0.0,0.0,88,Sun Jun 03 02:38:31 +0000 2018,"5 destinations that may not meet your expectations, and one that may exceed them https://t.co/8y3TK5Uoyc"
New York Times,0.0,1.0,0.0,0.0,89,Sun Jun 03 02:21:07 +0000 2018,"Irving Sandler, Art Historian Who Was Close to Artists, Dies at 92 https://t.co/jjRpnVW31v"
New York Times,0.075,0.854,0.07,-0.0258,90,Sun Jun 03 02:08:57 +0000 2018,"Hollywood may be a business reluctant to give women second chances, but Alicia Silverstone, suddenly seems to be ev‚Ä¶ https://t.co/FrIRXW8ORA"
New York Times,0.0,0.741,0.259,0.743,91,Sun Jun 03 01:52:31 +0000 2018,"These TV shows are workplace comedies with the workplace redistributed to the home, rom-coms where the romance is m‚Ä¶ https://t.co/XEKy5Mwwkl"
New York Times,0.231,0.769,0.0,-0.5994,92,Sun Jun 03 01:33:31 +0000 2018,Why Are the Death Tolls in Puerto Rico From Hurricane Maria So Different? https://t.co/exVMsmOUPV
New York Times,0.141,0.859,0.0,-0.4215,93,Sun Jun 03 01:19:56 +0000 2018,"Should chimps in ill health be moved at all, or stay where they are, retiring in place? https://t.co/LyZdvkDlRF"
New York Times,0.0,1.0,0.0,0.0,94,Sun Jun 03 01:03:17 +0000 2018,De Blasio Proposes Changes to New York‚Äôs Elite High Schools https://t.co/nzmnsO3VPn
New York Times,0.0,0.887,0.113,0.3182,95,Sun Jun 03 00:56:15 +0000 2018,The secret to finding the money and time for home improvements is simple: Renovate one room at a time https://t.co/SzWj2Uir4E
New York Times,0.0,1.0,0.0,0.0,96,Sun Jun 03 00:39:55 +0000 2018,Mahan Esfahani is a musician on a mission https://t.co/gvwtW0mqzP
New York Times,0.0,0.775,0.225,0.4404,97,Sun Jun 03 00:20:46 +0000 2018,"In the #MeToo Era, Raising Boys to Be Good Guys https://t.co/jcHhEXvHzh"
New York Times,0.114,0.735,0.151,0.2263,98,Sun Jun 03 00:11:48 +0000 2018,A guilty pleasure for many children of the '90s: A personal pan pizza from Pizza Hut. What corporate delivery pie d‚Ä¶ https://t.co/71IyiS7PJV
New York Times,0.0,1.0,0.0,0.0,99,Sat Jun 02 23:53:16 +0000 2018,Why should a meal on our own be uninspired or scarfed down as if consumed on the shoulder of an interstate highway? https://t.co/TvRBfKZRxd
New York Times,0.071,0.809,0.119,0.2516,100,Sat Jun 02 23:36:35 +0000 2018,There are a few low-tech tricks that can make switching time zones and taking long haul flights a little easier https://t.co/A5dptlHBbx
